Date,Last Price,Price_adj,Volume
12/4/2024,111-08,111.25,1760775
12/3/2024,110-31,110.96875,1568804
12/2/2024,111-03+,111.109375,1784041
11/29/2024,111-06,111.1875,31510
11/27/2024,110-29,110.90625,571957
11/26/2024,110-16,110.5,2106572
11/25/2024,110-22+,110.703125,4813867
11/22/2024,109-26,109.8125,3672423
11/21/2024,109-21+,109.671875,3604589
11/20/2024,109-27+,109.859375,1945465
11/19/2024,110-00+,110.015625,2172126
11/18/2024,109-25+,109.796875,1430816
11/15/2024,109-22+,109.703125,2503718
11/14/2024,109-23,109.71875,2313406
11/13/2024,109-19,109.59375,2367189
11/12/2024,109-19,109.59375,2207860
11/11/2024,110-02+,110.078125,757689
11/8/2024,110-14+,110.453125,2175011
11/7/2024,110-11+,110.359375,2960011
11/6/2024,109-23,109.71875,4168617
11/5/2024,110-18+,110.578125,1911100
11/4/2024,110-17,110.53125,2034586
11/1/2024,110-06+,110.203125,3154639
10/31/2024,110-20+,110.640625,3372923
10/30/2024,110-28,110.875,2755014
10/29/2024,110-29+,110.921875,2372559
10/28/2024,110-28,110.875,2056790
10/25/2024,111-07+,111.234375,1949563
10/24/2024,111-14+,111.453125,1995070
10/23/2024,111-06+,111.203125,1944719
10/22/2024,111-16+,111.515625,2321739
10/21/2024,111-22,111.6875,2004525
10/18/2024,112-12+,112.390625,1539530
10/17/2024,112-07,112.21875,1877074
10/16/2024,112-22+,112.703125,1540190
10/15/2024,112-19+,112.609375,1780932
10/14/2024,112-01,112.03125,718242
10/11/2024,112-13+,112.421875,1485457
10/10/2024,112-08,112.25,2695481
10/9/2024,112-12,112.375,1677790
10/8/2024,112-20+,112.640625,1626785
10/7/2024,112-21,112.65625,2482450
10/4/2024,113-00+,113.015625,3056066
10/3/2024,114-02+,114.078125,2060271
10/2/2024,114-19,114.59375,1824431
10/1/2024,114-27+,114.859375,2565634
9/30/2024,114-14+,114.453125,2461714
9/27/2024,114-29,114.90625,1961298
9/26/2024,114-18+,114.578125,2098994
9/25/2024,114-23,114.71875,1697399
9/24/2024,115-00+,115.015625,2043257
9/23/2024,114-30,114.9375,1834960
9/20/2024,115-00+,115.015625,1884141
9/19/2024,114-29,114.90625,2317517
9/18/2024,115-08,115.25,2413012
9/17/2024,115-17+,115.546875,1801966
9/16/2024,115-23+,115.734375,1484483
9/13/2024,115-19,115.59375,1642614
9/12/2024,115-11+,115.359375,2304848
9/11/2024,115-16,115.5,2770983
9/10/2024,115-20,115.625,1931391
9/9/2024,115-07,115.21875,1638614
9/6/2024,115-06,115.1875,3589916
9/5/2024,114-29+,114.921875,2283584
9/4/2024,114-23+,114.734375,2262354
9/3/2024,114-05+,114.171875,2520765
8/30/2024,113-23+,113.734375,33598
8/29/2024,114,114,361182
8/28/2024,114-07,114.21875,1816714
8/27/2024,114-06+,114.203125,6299327
8/26/2024,114-09,114.28125,4044694
8/23/2024,114-12+,114.390625,3189187
8/22/2024,113-31+,113.984375,3456441
8/21/2024,114-18+,114.578125,2634704
8/20/2024,114-08,114.25,1626916
8/19/2024,113-29,113.90625,1352232
8/16/2024,113-25+,113.796875,1717942
8/15/2024,113-20+,113.640625,2308793
8/14/2024,114-14+,114.453125,2029311
8/13/2024,114-10,114.3125,1726759
8/12/2024,113-29+,113.921875,1577280
8/9/2024,113-20+,113.640625,1433071
8/8/2024,113-11,113.34375,2433664
8/7/2024,113-18+,113.578125,2615001
8/6/2024,114-02+,114.078125,2774865
8/5/2024,114-24+,114.765625,3977072
8/2/2024,114-26+,114.828125,4296366
8/1/2024,113-13+,113.421875,3433253
7/31/2024,112-16,112.5,3268894
7/30/2024,112-08,112.25,1781389
7/29/2024,112-01,112.03125,1565130
7/26/2024,111-28+,111.890625,1856623
7/25/2024,111-15+,111.484375,3055709
7/24/2024,111-11+,111.359375,2637572
7/23/2024,111-18,111.5625,1402604
7/22/2024,111-13,111.40625,1409017
7/19/2024,111-16+,111.515625,1573847
7/18/2024,111-29,111.90625,1862237
7/17/2024,112-04,112.125,1811339
7/16/2024,112-00+,112.015625,2198585
7/15/2024,111-21+,111.671875,1879264
7/12/2024,111-28,111.875,1993977
7/11/2024,111-27,111.84375,2754645
7/10/2024,111-06,111.1875,1671220
7/9/2024,111-03,111.09375,1622679
7/8/2024,111-09,111.28125,1282523
7/5/2024,111-09+,111.296875,1979719
7/3/2024,110-23+,110.734375,1766051
7/2/2024,110-05,110.15625,1719084
7/1/2024,109-27+,109.859375,2221764
6/28/2024,110-21+,110.671875,3146809
6/27/2024,110-30,110.9375,1948452
6/26/2024,110-24,110.75,1869887
6/25/2024,111-09,111.28125,1574033
6/24/2024,111-07,111.21875,1193239
6/21/2024,111-06,111.1875,1435596
6/20/2024,111-07+,111.234375,1722710
6/18/2024,111-15+,111.484375,1819290
6/17/2024,111-03,111.09375,1533894
6/14/2024,111-17,111.53125,2305109
6/13/2024,111-13,111.40625,2372261
6/12/2024,111,111,2862922
6/11/2024,110-07+,110.234375,1807422
6/10/2024,109-25,109.78125,1341950
6/7/2024,110,110,2396978
6/6/2024,111-01+,111.046875,1842916
6/5/2024,110-31+,110.984375,2567287
6/4/2024,110-22+,110.703125,2363438
6/3/2024,110-08,110.25,1880068
5/31/2024,109-15+,109.484375,96326
5/30/2024,109-07+,109.234375,628261
5/29/2024,108-24+,108.765625,2233059
5/28/2024,109-09+,109.296875,4805222
5/24/2024,109-22+,109.703125,3512151
5/23/2024,109-23,109.71875,3996052
5/22/2024,110-01,110.03125,2186516
5/21/2024,110-07+,110.234375,1502913
5/20/2024,110-03,110.09375,1156162
5/17/2024,110-06,110.1875,1290257
5/16/2024,110-15+,110.484375,1820317
5/15/2024,110-23,110.71875,2721526
5/14/2024,110-03,110.09375,1824374
5/13/2024,109-26+,109.828125,1216286
5/10/2024,109-22+,109.703125,1473969
5/9/2024,110-03,110.09375,1881170
5/8/2024,109-26+,109.828125,1633702
5/7/2024,110-00+,110.015625,1719822
5/6/2024,109-28+,109.890625,1242860
5/3/2024,109-27+,109.859375,2883515
5/2/2024,109-11+,109.359375,2083746
5/1/2024,109-03+,109.109375,2218852
4/30/2024,108-14,108.4375,2697134
4/29/2024,108-30+,108.953125,1590605
4/26/2024,108-18+,108.578125,1825113
4/25/2024,108-11+,108.359375,2584220
4/24/2024,108-23+,108.734375,2003168
4/23/2024,109-02+,109.078125,2013413
4/22/2024,108-27+,108.859375,1414828
4/19/2024,108-29,108.90625,2268383
4/18/2024,108-22+,108.703125,2240406
4/17/2024,109-05,109.15625,2317526
4/16/2024,108-21+,108.671875,2874408
4/15/2024,108-28+,108.890625,3265675
4/12/2024,109-22,109.6875,2503302
4/11/2024,109-03+,109.109375,3034817
4/10/2024,109-06+,109.203125,3560419
4/9/2024,110-20+,110.640625,1645443
4/8/2024,110-08+,110.265625,1884106
4/5/2024,110-21,110.65625,2387012
4/4/2024,111-04,111.125,2198530
4/3/2024,110-25+,110.796875,2333649
4/2/2024,110-23,110.71875,2241221
4/1/2024,110-29+,110.921875,1439886
3/28/2024,111-25+,111.796875,1851548
3/27/2024,111-28,111.875,1466914
3/26/2024,111-20+,111.640625,1308297
3/25/2024,111-16+,111.515625,1123679
3/22/2024,111-24,111.75,1352658
3/21/2024,111-12+,111.390625,1864162
3/20/2024,111-14,111.4375,1804600
3/19/2024,111-04+,111.140625,1484543
3/18/2024,110-26,110.8125,1279370
3/15/2024,111-02+,111.078125,1628369
3/14/2024,111-06+,111.203125,2301427
3/13/2024,111-30,111.9375,1500095
3/12/2024,112-05+,112.171875,2143179
3/11/2024,112-19,112.59375,1343546
3/8/2024,112-23+,112.734375,2188001
3/7/2024,112-21,112.65625,1935948
3/6/2024,112-15+,112.484375,2312376
3/5/2024,112-09+,112.296875,1996086
3/4/2024,111-24,111.75,1348230
3/1/2024,112-01,112.03125,2716603
2/29/2024,111-14,111.4375,85058
2/28/2024,111-10+,111.328125,486902
2/27/2024,111-01+,111.046875,2419680
2/26/2024,111-04,111.125,5341315
2/23/2024,111-12+,111.390625,4246944
2/22/2024,111-00+,111.015625,4468034
2/21/2024,111-04+,111.140625,2325483
2/20/2024,111-14+,111.453125,1865702
2/16/2024,111-08+,111.265625,1907336
2/15/2024,111-22,111.6875,1963091
2/14/2024,111-17,111.53125,1978428
2/13/2024,111-04+,111.140625,2517033
2/12/2024,112-07+,112.234375,1128359
2/9/2024,112-03,112.09375,1591527
2/8/2024,112-08+,112.265625,1543912
2/7/2024,112-22+,112.703125,1847712
2/6/2024,112-25+,112.796875,1948478
2/5/2024,112-09+,112.296875,2189485
2/2/2024,113-05+,113.171875,2866659
2/1/2024,114-13,114.40625,2793826
1/31/2024,113-27,113.84375,3568859
1/30/2024,113-04+,113.140625,1873442
1/29/2024,113-01,113.03125,1679052
1/26/2024,112-17+,112.546875,1547788
1/25/2024,112-26+,112.828125,2037400
1/24/2024,112-15+,112.484375,1977841
1/23/2024,112-23+,112.734375,1268992
1/22/2024,113-00+,113.015625,1325752
1/19/2024,112-20+,112.640625,1538398
1/18/2024,112-23,112.71875,1703768
1/17/2024,112-30,112.9375,2139591
1/16/2024,113-11+,113.359375,2537733
1/12/2024,114-03+,114.109375,2107650
1/11/2024,113-27+,113.859375,2515475
1/10/2024,113-12+,113.390625,1564442
1/9/2024,113-13+,113.421875,1416395
1/8/2024,113-18,113.5625,1805485
1/5/2024,113-07+,113.234375,2513946
1/4/2024,113-16,113.5,1658449
1/3/2024,114-01,114.03125,2040430
1/2/2024,113-26,113.8125,1514587
12/29/2023,114-13,114.40625,1252433
12/28/2023,114-13,114.40625,994945
12/27/2023,114-27,114.84375,906098
12/26/2023,114-07+,114.234375,396317
12/22/2023,114-03+,114.109375,916300
12/21/2023,114-06,114.1875,1454535
12/20/2023,114-09+,114.296875,1444999
12/19/2023,113-30+,113.953125,1122344
12/18/2023,113-24+,113.765625,1111902
12/15/2023,113-29+,113.921875,1944427
12/14/2023,114-01,114.03125,3120482
12/13/2023,113-13,113.40625,2374535
12/12/2023,112-02,112.0625,1828548
12/11/2023,111-27,111.84375,1439260
12/8/2023,111-25,111.78125,2164053
12/7/2023,112-21+,112.671875,1879849
12/6/2023,112-21,112.65625,1752354
12/5/2023,112-14,112.4375,1873349
12/4/2023,111-22+,111.703125,1644535
12/1/2023,112-06,112.1875,2387698
11/30/2023,111-10,111.3125,80902
11/29/2023,111-25,111.78125,597861
11/28/2023,111-12,111.375,2600614
11/27/2023,110-27,110.84375,4517362
11/24/2023,110-07+,110.234375,2272498
11/22/2023,110-21,110.65625,3694051
11/21/2023,110-25,110.78125,2956534
11/20/2023,110-22,110.6875,1607627
11/17/2023,110-19,110.59375,1685178
11/16/2023,110-22+,110.703125,1713618
11/15/2023,110-02,110.0625,2436582
11/14/2023,110-24,110.75,2641567
11/13/2023,109-09,109.28125,1241622
11/10/2023,109-08+,109.265625,1680163
11/9/2023,109-12,109.375,2122373
11/8/2023,110-05+,110.171875,1867406
11/7/2023,109-31,109.96875,1855465
11/6/2023,109-14,109.4375,1637310
11/3/2023,110-06+,110.203125,2877522
11/2/2023,109-10+,109.328125,2451045
11/1/2023,108-22+,108.703125,2733810
10/31/2023,108-00+,108.015625,2355214
10/30/2023,108-02,108.0625,1546433
10/27/2023,108-08+,108.265625,1736924
10/26/2023,108-06,108.1875,2427261
10/25/2023,107-16+,107.515625,1960891
10/24/2023,108-06+,108.203125,1839686
10/23/2023,108-10+,108.328125,2092633
10/20/2023,107-27,107.84375,1968824
10/19/2023,107-08+,107.265625,2395898
10/18/2023,107-23,107.71875,1948270
10/17/2023,108-02,108.0625,2149715
10/16/2023,109-01+,109.046875,1268212
10/13/2023,109-18,109.5625,1657099
10/12/2023,109-02+,109.078125,2136548
10/11/2023,109-25,109.78125,2034050
10/10/2023,109-18,109.5625,1915354
10/9/2023,109-22,109.6875,822843
10/6/2023,108-22,108.6875,2315058
10/5/2023,109-05,109.15625,1823513
10/4/2023,108-30+,108.953125,2537554
10/3/2023,108-15+,108.484375,2582260
10/2/2023,109-05+,109.171875,1629654
9/29/2023,109-29,109.90625,2632521
9/28/2023,109-22+,109.703125,2422053
9/27/2023,109-13+,109.421875,1893725
9/26/2023,109-30+,109.953125,1603850
9/25/2023,110-00+,110.015625,1289496
9/22/2023,110-17,110.53125,1396945
9/21/2023,110-08+,110.265625,2142465
9/20/2023,111-02,111.0625,1641379
9/19/2023,110-31,110.96875,1270702
9/18/2023,111-11+,111.359375,972461
9/15/2023,111-11+,111.359375,1291658
9/14/2023,111-19,111.59375,1511888
9/13/2023,111-27+,111.859375,1562522
9/12/2023,111-23,111.71875,1010007
9/11/2023,111-20,111.625,967962
9/8/2023,111-24+,111.765625,1055256
9/7/2023,111-26+,111.828125,1214081
9/6/2023,111-17,111.53125,1448216
9/5/2023,111-25+,111.796875,1501438
9/1/2023,112-13+,112.421875,1793672
8/31/2023,112-28,112.875,79211
8/30/2023,112-21+,112.671875,459448
8/29/2023,112-20+,112.640625,1810947
8/28/2023,111-30+,111.953125,3135447
8/25/2023,111-24,111.75,3835466
8/24/2023,111-29,111.90625,3280441
8/23/2023,112-07,112.21875,2609078
8/22/2023,111-12,111.375,1396508
8/21/2023,111-12+,111.390625,1514677
8/18/2023,111-30+,111.953125,1251625
8/17/2023,111-19,111.59375,1741118
8/16/2023,111-28,111.875,1768369
8/15/2023,112-02+,112.078125,1788907
8/14/2023,112-10,112.3125,1309141
8/11/2023,112-16,112.5,1566489
8/10/2023,113-05+,113.171875,1957382
8/9/2023,113-22+,113.703125,1164222
8/8/2023,113-23,113.71875,1473697
8/7/2023,113-14,113.4375,1270248
8/4/2023,113-14+,113.453125,2139254
8/3/2023,112-17+,112.546875,1945613
8/2/2023,113-03+,113.109375,1860148
8/1/2023,113-06,113.1875,1523937
7/31/2023,113-23,113.71875,1686431
7/28/2023,113-21,113.65625,1726479
7/27/2023,113-10+,113.328125,2217996
7/26/2023,114-14+,114.453125,1297820
7/25/2023,113-29+,113.921875,1255185
7/24/2023,114-12,114.375,1148885
7/21/2023,114-17+,114.546875,1012410
7/20/2023,114-14+,114.453125,1563021
7/19/2023,115-10,115.3125,1349143
7/18/2023,115-02,115.0625,1303657
7/17/2023,115-01,115.03125,910140
7/14/2023,114-28,114.875,1294157
7/13/2023,115-11+,115.359375,1807675
7/12/2023,114-18+,114.578125,2044759
7/11/2023,113-18+,113.578125,1220062
7/10/2023,113-14+,113.453125,1292789
7/7/2023,112-31+,112.984375,1716116
7/6/2023,112-29+,112.921875,2270324
7/5/2023,113-21+,113.671875,1640832
7/3/2023,114-08,114.25,1071547
6/30/2023,114-18+,114.578125,2102870
6/29/2023,114-14,114.4375,1959722
6/28/2023,115-18,115.5625,1426850
6/27/2023,115-04+,115.140625,1476874
6/26/2023,115-17+,115.546875,1186600
6/23/2023,115-12+,115.390625,1516582
6/22/2023,115-01+,115.046875,1405552
6/21/2023,115-20,115.625,1404783
6/20/2023,115-20,115.625,1531542
6/16/2023,115-11+,115.359375,1514896
6/15/2023,115-24+,115.765625,1800849
6/14/2023,115-06,115.1875,1778239
6/13/2023,114-31+,114.984375,1975364
6/12/2023,115-21+,115.671875,1319421
6/9/2023,115-22+,115.703125,1159312
6/8/2023,116-01+,116.046875,1556519
6/7/2023,115-17,115.53125,1617909
6/6/2023,116-03,116.09375,1138789
6/5/2023,116-06+,116.203125,1440714
6/2/2023,116-05,116.15625,1558864
6/1/2023,117-01+,117.046875,1597660
5/31/2023,116-25,116.78125,117456
5/30/2023,116-10+,116.328125,1085057
5/26/2023,115-18,115.5625,2067964
5/25/2023,115-25,115.78125,3711660
5/24/2023,116-18+,116.578125,4353177
5/23/2023,116-24+,116.765625,2835142
5/22/2023,116-20,116.625,1744930
5/19/2023,116-23,116.71875,2022072
5/18/2023,117-02+,117.078125,1742318
5/17/2023,117-23+,117.734375,1415912
5/16/2023,118-02+,118.078125,1827549
5/15/2023,118-12+,118.390625,1116051
5/12/2023,118-19,118.59375,1170806
5/11/2023,119-06+,119.203125,1686585
5/10/2023,119-02,119.0625,1433425
5/9/2023,118-11,118.34375,1004781
5/8/2023,118-10+,118.328125,972862
5/5/2023,118-28,118.875,1264531
5/4/2023,119-23,119.71875,2155476
5/3/2023,119-02,119.0625,1531941
5/2/2023,118-23,118.71875,1712580
5/1/2023,117-21,117.65625,1019434
4/28/2023,118-11+,118.359375,2075086
4/27/2023,117-28+,117.890625,1522224
4/26/2023,118-22+,118.703125,1698122
4/25/2023,118-30+,118.953125,1770793
4/24/2023,118-01,118.03125,840959
4/21/2023,117-20,117.625,1082259
4/20/2023,117-26,117.8125,1148900
4/19/2023,117-11,117.34375,1356814
4/18/2023,117-20+,117.640625,1146560
4/17/2023,117-16+,117.515625,1067311
4/14/2023,118-00+,118.015625,1508808
4/13/2023,118-19+,118.609375,1212125
4/12/2023,118-27+,118.859375,1622587
4/11/2023,118-17,118.53125,1044936
4/10/2023,118-21+,118.671875,795164
4/7/2023,118-30+,118.953125,355384
4/6/2023,119-22+,119.703125,1278514
4/5/2023,119-23+,119.734375,1514272
4/4/2023,119-13,119.40625,1438906
4/3/2023,118-19+,118.609375,1538280
3/31/2023,118-02+,118.078125,1781669
3/30/2023,117-23+,117.734375,1135333
3/29/2023,117-22,117.6875,1409929
3/28/2023,117-25+,117.796875,1347202
3/27/2023,118-04+,118.140625,1348508
3/24/2023,119-08+,119.265625,2090833
3/23/2023,119-04+,119.140625,1893877
3/22/2023,118-08,118.25,1836083
3/21/2023,117-09,117.28125,1535139
3/20/2023,118-08,118.25,1980690
3/17/2023,118-31,118.96875,1963755
3/16/2023,117-11,117.34375,2891532
3/15/2023,118-09,118.28125,3759901
3/14/2023,117-00+,117.015625,3305010
3/13/2023,117-26,117.8125,4357282
3/10/2023,116-09+,116.296875,3749308
3/9/2023,114-20+,114.640625,1841360
3/8/2023,114-02+,114.078125,2299251
3/7/2023,114-03+,114.109375,1767698
3/6/2023,114-04+,114.140625,1339588
3/3/2023,114-08,114.25,1573836
3/2/2023,113-21,113.65625,1963276
3/1/2023,114-05,114.15625,1876563
2/28/2023,114-26,114.8125,114262
2/27/2023,114-25,114.78125,814223
2/24/2023,114-18,114.5625,2328540
2/23/2023,115-02+,115.078125,3909824
2/22/2023,114-27,114.84375,4135478
2/21/2023,114-22+,114.703125,2819904
2/17/2023,115-20+,115.640625,1656139
2/16/2023,115-17,115.53125,2097321
2/15/2023,115-22,115.6875,1855646
2/14/2023,115-31,115.96875,2453173
2/13/2023,116-13+,116.421875,1189982
2/10/2023,116-10+,116.328125,1579627
2/9/2023,116-21+,116.671875,1498491
2/8/2023,117-01+,117.046875,1582789
2/7/2023,116-28,116.875,2036895
2/6/2023,117-04+,117.140625,1911414
2/3/2023,118-02,118.0625,2558318
2/2/2023,119-06,119.1875,1955041
2/1/2023,119-04,119.125,2129670
1/31/2023,118-05,118.15625,2074922
1/30/2023,117-29+,117.921875,1185210
1/27/2023,118-08,118.25,1143961
1/26/2023,118-16,118.5,1274095
1/25/2023,118-25,118.78125,1300044
1/24/2023,118-21+,118.671875,1278470
1/23/2023,118-10+,118.328125,1053149
1/20/2023,118-22+,118.703125,1364331
1/19/2023,119-09,119.28125,1712227
1/18/2023,119-17+,119.546875,2306893
1/17/2023,118-10,118.3125,1568077
1/13/2023,118-13,118.40625,1468528
1/12/2023,118-28,118.875,2373580
1/11/2023,118-02+,118.078125,1393845
1/10/2023,117-20+,117.640625,1363124
1/9/2023,118-08+,118.265625,1491031
1/6/2023,117-27+,117.859375,2171557
1/5/2023,116-21,116.65625,1375647
1/4/2023,116-26+,116.828125,1520223
1/3/2023,116-09,116.28125,1471344
12/30/2022,115-30,115.9375,1314511
12/29/2022,116-02+,116.078125,810811
12/28/2022,115-26+,115.828125,759767
12/27/2022,115-31,115.96875,691957
12/23/2022,116-23,116.71875,752313
12/22/2022,117-06,117.1875,795954
12/21/2022,117-06+,117.203125,981158
12/20/2022,117-05+,117.171875,1401157
12/19/2022,117-25,117.78125,813410
12/16/2022,118-14+,118.453125,1203932
12/15/2022,118-18,118.5625,1238397
12/14/2022,118-11+,118.359375,1387105
12/13/2022,118-13+,118.421875,1849330
12/12/2022,117-15,117.46875,1103042
12/9/2022,117-23+,117.734375,1171385
12/8/2022,118-03,118.09375,1142958
12/7/2022,118-25+,118.796875,1449743
12/6/2022,118,118,1172993
12/5/2022,117-16,117.5,1241956
12/2/2022,118-09+,118.296875,2095309
12/1/2022,118-08,118.25,1991454
11/30/2022,117-04+,117.140625,132675
11/29/2022,116-20+,116.640625,621288
11/28/2022,116-27,116.84375,1819031
11/25/2022,116-30+,116.953125,1362564
11/23/2022,116-28,116.875,3103710
11/22/2022,116-17,116.53125,3180523
11/21/2022,116-07+,116.234375,1762759
11/18/2022,116-07,116.21875,1127239
11/17/2022,116-17+,116.546875,1467726
11/16/2022,117-04,117.125,1631687
11/15/2022,116-15+,116.484375,1777674
11/14/2022,116-01+,116.046875,1444981
11/11/2022,116-07+,116.234375,701232
11/10/2022,116-14,116.4375,2595697
11/9/2022,114-08,114.25,1452703
11/8/2022,114-06+,114.203125,1249958
11/7/2022,113-18,113.5625,1045572
11/4/2022,113-31,113.96875,1604687
11/3/2022,113-30+,113.953125,1582083
11/2/2022,114-17+,114.546875,1606698
11/1/2022,114-16,114.5,1837010
10/31/2022,114-16+,114.515625,1866622
10/28/2022,114-29+,114.921875,1799079
10/27/2022,115-19+,115.609375,2359431
10/26/2022,115-00+,115.015625,1707764
10/25/2022,114-15+,114.484375,1943598
10/24/2022,113-21,113.65625,1547877
10/21/2022,113-23,113.71875,2475242
10/20/2022,113-09,113.28125,1637008
10/19/2022,113-29+,113.921875,1487367
10/18/2022,114-26+,114.828125,1330805
10/17/2022,114-20,114.625,1042028
10/14/2022,114-16+,114.515625,1731123
10/13/2022,114-30,114.9375,2273852
10/12/2022,115-13,115.40625,1395612
10/11/2022,115-02,115.0625,1640605
10/10/2022,114-30,114.9375,472366
10/7/2022,115-13,115.40625,1333196
10/6/2022,115-27+,115.859375,1481654
10/5/2022,116-14+,116.453125,1611470
10/4/2022,117-13+,117.421875,1769493
10/3/2022,117-04,117.125,1869420
9/30/2022,115-31+,115.984375,2037126
9/29/2022,116-12,116.375,1953819
9/28/2022,116-25,116.78125,2908370
9/27/2022,114-26,114.8125,2340232
9/26/2022,115-09,115.28125,2126534
9/23/2022,116-17+,116.546875,2155629
9/22/2022,116-21+,116.671875,2281428
9/21/2022,118-05,118.15625,1791263
9/20/2022,117-24+,117.765625,1539974
9/19/2022,118-09,118.28125,963169
9/16/2022,118-21+,118.671875,1193674
9/15/2022,118-13+,118.421875,1258641
9/14/2022,118-28+,118.890625,1474283
9/13/2022,118-28,118.875,1821828
9/12/2022,119-17,119.53125,1089399
9/9/2022,119-21,119.65625,1136110
9/8/2022,119-28+,119.890625,1413148
9/7/2022,120-03,120.09375,1438427
9/6/2022,119-16+,119.515625,1645555
9/2/2022,120-18+,120.578125,1487743
9/1/2022,119-29,119.90625,1717444
8/31/2022,120-26+,120.828125,143296
8/30/2022,120-30+,120.953125,517092
8/29/2022,120-31+,120.984375,1033735
8/26/2022,121-17,121.53125,2032906
8/25/2022,121-23+,121.734375,2847872
8/24/2022,121-06+,121.203125,2864145
8/23/2022,121-18+,121.578125,1884881
8/22/2022,121-21+,121.671875,1321186
8/19/2022,122-02,122.0625,1173347
8/18/2022,122-25+,122.796875,1155689
8/17/2022,122-23,122.71875,1254160
8/16/2022,123-11,123.34375,967317
8/15/2022,123-21,123.65625,970926
8/12/2022,123-07,123.21875,1105804
8/11/2022,123-01+,123.046875,1468557
8/10/2022,123-22+,123.703125,1694075
8/9/2022,123-14,123.4375,961364
8/8/2022,123-26,123.8125,973724
8/5/2022,123-10+,123.328125,1540474
8/4/2022,124-22,124.6875,1335255
8/3/2022,124-01+,124.046875,1860557
8/2/2022,124-02+,124.078125,1984438
8/1/2022,125-10,125.3125,1352861
7/29/2022,125-03,125.09375,1992752
7/28/2022,124-30,124.9375,1861248
7/27/2022,124-12,124.375,1309166
7/26/2022,123-26,123.8125,1126477
7/25/2022,123-19+,123.609375,1031506
7/22/2022,123-27,123.84375,1799046
7/21/2022,122-27+,122.859375,1814052
7/20/2022,121-23+,121.734375,1151592
7/19/2022,121-29+,121.921875,1036276
7/18/2022,122-13+,122.421875,934835
7/15/2022,122-19,122.59375,1206554
7/14/2022,122-14+,122.453125,1657510
7/13/2022,122-28,122.875,2141891
7/12/2022,122-19+,122.609375,1473376
7/11/2022,122-10+,122.328125,1098384
7/8/2022,121-18+,121.578125,1354657
7/7/2022,122-07,122.21875,1401151
7/6/2022,123,123,1618742
7/5/2022,123-28,123.875,1761880
7/1/2022,123-07,123.21875,1991276
6/30/2022,122-15+,122.484375,1849397
6/29/2022,121-15,121.46875,1235032
6/28/2022,120-21,120.65625,1280037
6/27/2022,120-24+,120.765625,1191859
6/24/2022,121-09+,121.296875,1330462
6/23/2022,121-19+,121.609375,2222245
6/22/2022,120-29,120.90625,1702409
6/21/2022,119-24,119.75,1274461
6/17/2022,120-04+,120.140625,1492924
6/16/2022,119-24+,119.765625,2019171
6/15/2022,119-03+,119.109375,2184477
6/14/2022,118-11+,118.359375,2221009
6/13/2022,119-07+,119.234375,2429214
6/10/2022,120-24+,120.765625,2246372
6/9/2022,121-28,121.875,1393710
6/8/2022,122-01,122.03125,1161489
6/7/2022,122-12,122.375,1328357
6/6/2022,121-28,121.875,1095245
6/3/2022,122-16,122.5,1090096
6/2/2022,122-26,122.8125,1060738
6/1/2022,122-19,122.59375,1740132
5/31/2022,123-13,123.40625,144727
5/27/2022,124-01+,124.046875,644383
5/26/2022,124-05,124.15625,1859472
5/25/2022,124-05,124.15625,3366992
5/24/2022,123-30,123.9375,3479511
5/23/2022,123-04+,123.140625,1634748
5/20/2022,123-22,123.6875,1496733
5/19/2022,123-08+,123.265625,2264358
5/18/2022,123,123,1740614
5/17/2022,122-13+,122.421875,1395521
5/16/2022,123-07+,123.234375,1165327
5/13/2022,122-23+,122.734375,1200488
5/12/2022,123-18,123.5625,1997731
5/11/2022,122-26+,122.828125,2222622
5/10/2022,122-11,122.34375,1812986
5/9/2022,121-24,121.75,1713326
5/6/2022,121-11+,121.359375,1750115
5/5/2022,121-20,121.625,2047770
5/4/2022,122-23,122.71875,1775883
5/3/2022,122-02+,122.078125,1389133
5/2/2022,121-29,121.90625,1282256
4/29/2022,122-23,122.71875,2139536
4/28/2022,122-29+,122.921875,1938440
4/27/2022,123-11+,123.359375,1599187
4/26/2022,123-19+,123.609375,1562018
4/25/2022,123-05+,123.171875,1800272
4/22/2022,122-16,122.5,1541396
4/21/2022,122-10,122.3125,1597287
4/20/2022,123-02,123.0625,1770234
4/19/2022,122-21+,122.671875,1602021
4/18/2022,123-06+,123.203125,889306
4/14/2022,123-16,123.5,1780161
4/13/2022,124-11+,124.359375,1835432
4/12/2022,124-02,124.0625,2176907
4/11/2022,123-10,123.3125,1441742
4/8/2022,123-22,123.6875,1477697
4/7/2022,124-03+,124.109375,1743647
4/6/2022,124-08,124.25,2146915
4/5/2022,124-15+,124.484375,1769170
4/4/2022,125-21,125.65625,1216702
4/1/2022,125-25+,125.796875,1923816
3/31/2022,126-14,126.4375,2192637
3/30/2022,126-06,126.1875,1760127
3/29/2022,125-28+,125.890625,2067157
3/28/2022,125-08+,125.265625,1775927
3/25/2022,125-03+,125.109375,1825165
3/24/2022,126-15+,126.484375,1435544
3/23/2022,126-22+,126.703125,1632991
3/22/2022,126-10,126.3125,1600511
3/21/2022,126-24,126.75,1562329
3/18/2022,128-06+,128.203125,1285320
3/17/2022,127-28+,127.890625,1518785
3/16/2022,127-25+,127.796875,1926020
3/15/2022,128-07,128.21875,1550808
3/14/2022,128-12,128.375,1461239
3/11/2022,129-16,129.5,1334091
3/10/2022,129-18+,129.578125,1712046
3/9/2022,130-03+,130.109375,1627377
3/8/2022,130-23,130.71875,1709398
3/7/2022,131-21+,131.671875,1767950
3/4/2022,132-03,132.09375,2120724
3/3/2022,131-02+,131.078125,1801822
3/2/2022,130-27,130.84375,2382463
3/1/2022,132-09+,132.296875,3144125
2/28/2022,131,131,142954
2/25/2022,129-25+,129.796875,829641
2/24/2022,130-00+,130.015625,3766786
2/23/2022,129-26+,129.828125,3837304
2/22/2022,130-00+,130.015625,4427866
2/18/2022,130-07,130.21875,1757647
2/17/2022,129-31,129.96875,2028872
2/16/2022,129-11+,129.359375,1812339
2/15/2022,129-09,129.28125,1816955
2/14/2022,129-17,129.53125,2318254
2/11/2022,129-30,129.9375,3004129
2/10/2022,129-11,129.34375,3162240
2/9/2022,130-09+,130.296875,1684111
2/8/2022,130-04,130.125,1564968
2/7/2022,130-14+,130.453125,1278721
2/4/2022,130-10,130.3125,2145743
2/3/2022,131-06,131.1875,1654216
2/2/2022,131-21+,131.671875,1358564
2/1/2022,131-13+,131.421875,1703462
1/31/2022,131-16+,131.515625,1853973
1/28/2022,131-16,131.5,1887669
1/27/2022,131-06+,131.203125,2216921
1/26/2022,131-02,131.0625,1963794
1/25/2022,131-21+,131.671875,1738476
1/24/2022,132-02,132.0625,2158245
1/21/2022,131-27+,131.859375,2108462
1/20/2022,131-08,131.25,1482619
1/19/2022,131-07,131.21875,1962013
1/18/2022,130-29+,130.921875,2515636
1/14/2022,131-23+,131.734375,1628936
1/13/2022,132-08+,132.265625,1330020
1/12/2022,132-04,132.125,1518137
1/11/2022,131-30,131.9375,1676788
1/10/2022,131-22,131.6875,1564056
1/7/2022,131-27,131.84375,1964516
1/6/2022,132-02+,132.078125,1793082
1/5/2022,132-12+,132.390625,1696842
1/4/2022,132-26+,132.828125,1703196
1/3/2022,132-31+,132.984375,1428084
12/31/2021,134-00+,134.015625,759832
12/30/2021,133-30+,133.953125,810924
12/29/2021,133-24+,133.765625,971676
12/28/2021,134-05,134.15625,550228
12/27/2021,134-03+,134.109375,471863
12/23/2021,134-03,134.09375,557414
12/22/2021,134-09,134.28125,760008
12/21/2021,134-03+,134.109375,1027368
12/20/2021,134-22+,134.703125,1215343
12/17/2021,134-23,134.71875,1175627
12/16/2021,134-20+,134.640625,1461169
12/15/2021,134-00+,134.015625,1405914
12/14/2021,134-06,134.1875,1006248
12/13/2021,134-12+,134.390625,955932
12/10/2021,133-30+,133.953125,1380897
12/9/2021,133-30,133.9375,1429648
12/8/2021,133-24,133.75,1546418
12/7/2021,133-28,133.875,1221720
12/6/2021,134-06+,134.203125,1329698
12/3/2021,135,135,2074932
12/2/2021,134-04+,134.140625,1508506
12/1/2021,134-15,134.46875,1887630
11/30/2021,134-11+,134.359375,231969
11/29/2021,133-27+,133.859375,908346
11/26/2021,133-31+,133.984375,2089384
11/24/2021,132-20+,132.640625,3184097
11/23/2021,132-19,132.59375,3340651
11/22/2021,132-26,132.8125,3135163
11/19/2021,133-22,133.6875,2136578
11/18/2021,133-12+,133.390625,1363815
11/17/2021,133-08+,133.265625,1289899
11/16/2021,132-31+,132.984375,1407795
11/15/2021,133-03+,133.109375,1183106
11/12/2021,133-11,133.34375,1363018
11/11/2021,133-04+,133.140625,525839
11/10/2021,133-17+,133.546875,2295387
11/9/2021,134-21,134.65625,1633463
11/8/2021,134-03+,134.109375,1179373
11/5/2021,134-20+,134.640625,2046414
11/4/2021,134-04,134.125,1713598
11/3/2021,133-18+,133.578125,1821995
11/2/2021,133-25,133.78125,1502792
11/1/2021,133-15,133.46875,1479047
10/29/2021,133-16+,133.515625,2686126
10/28/2021,133-18,133.5625,2495837
10/27/2021,133-31+,133.984375,2427913
10/26/2021,133-13+,133.421875,1273679
10/25/2021,133-12,133.375,1252112
10/22/2021,133-05,133.15625,1938170
10/21/2021,133,133,1769979
10/20/2021,133-14+,133.453125,1709628
10/19/2021,133-12,133.375,1437829
10/18/2021,133-18+,133.578125,2074254
10/15/2021,133-25,133.78125,1579499
10/14/2021,134-10,134.3125,1591700
10/13/2021,134-01,134.03125,2329391
10/12/2021,133-30+,133.953125,1701981
10/11/2021,133-21,133.65625,527137
10/8/2021,133-30+,133.953125,2286634
10/7/2021,134-06+,134.203125,1404808
10/6/2021,134-17,134.53125,1715889
10/5/2021,134-17+,134.546875,1485058
10/4/2021,134-28+,134.890625,1471686
10/1/2021,134-31+,134.984375,2027570
9/30/2021,134-13+,134.421875,2058886
9/29/2021,134-09,134.28125,2067859
9/28/2021,134-09,134.28125,2477404
9/27/2021,134-19+,134.609375,1856758
9/24/2021,134-26+,134.828125,1813289
9/23/2021,135-06,135.1875,2148141
9/22/2021,135-25+,135.796875,1694167
9/21/2021,136,136,1259839
9/20/2021,136-02+,136.078125,1427118
9/17/2021,135-19,135.59375,1443850
9/16/2021,135-29,135.90625,1462896
9/15/2021,136-06+,136.203125,1373185
9/14/2021,136-13+,136.421875,1552718
9/13/2021,136-03+,136.109375,819741
9/10/2021,135-31,135.96875,1103565
9/9/2021,136-10,136.3125,1408402
9/8/2021,136-02,136.0625,1334163
9/7/2021,135-26,135.8125,1476529
9/3/2021,136-06+,136.203125,1415738
9/2/2021,136-11,136.34375,908971
9/1/2021,136-08+,136.265625,1476882
8/31/2021,136-08+,136.265625,153595
8/30/2021,136-11,136.34375,672062
8/27/2021,136-03+,136.109375,2464215
8/26/2021,135-26,135.8125,3102536
8/25/2021,135-27,135.84375,3159904
8/24/2021,136-06+,136.203125,1883385
8/23/2021,136-14,136.4375,1225950
8/20/2021,136-11,136.34375,1095887
8/19/2021,136-17+,136.546875,1408900
8/18/2021,136-11+,136.359375,1371502
8/17/2021,136-15+,136.484375,1409107
8/16/2021,136-17+,136.546875,1375814
8/13/2021,136-05+,136.171875,967146
8/12/2021,135-21+,135.671875,956949
8/11/2021,135-25+,135.796875,1724961
8/10/2021,135-24+,135.765625,1281304
8/9/2021,136,136,1178694
8/6/2021,136-07,136.21875,1603639
8/5/2021,136-23,136.71875,1272560
8/4/2021,137-01+,137.046875,1722812
8/3/2021,137-07,137.21875,1081659
8/2/2021,137-07,137.21875,1379439
7/30/2021,136-21+,136.671875,1753454
7/29/2021,136-14,136.4375,1386720
7/28/2021,136-15+,136.484375,1555292
7/27/2021,136-22,136.6875,1204331
7/26/2021,136-13+,136.421875,1068621
7/23/2021,136-11+,136.359375,916473
7/22/2021,136-15,136.46875,1449036
7/21/2021,136-10+,136.328125,1909685
7/20/2021,136-28+,136.890625,2194456
7/19/2021,136-29,136.90625,2253335
7/16/2021,136,136,1061127
7/15/2021,136-00+,136.015625,1503254
7/14/2021,135-21+,135.671875,1469059
7/13/2021,135-06+,135.203125,2021905
7/12/2021,135-20,135.625,1349716
7/9/2021,135-20+,135.640625,1208316
7/8/2021,136-03+,136.109375,1926487
7/7/2021,135-24+,135.765625,1846518
7/6/2021,135-14,135.4375,1946423
7/2/2021,134-28+,134.890625,1303525
7/1/2021,134-15+,134.484375,1124574
6/30/2021,134-23,134.71875,1715181
6/29/2021,134-15+,134.484375,1042488
6/28/2021,134-15+,134.484375,966673
6/25/2021,134-02+,134.078125,1252104
6/24/2021,134-12+,134.390625,1224046
6/23/2021,134-13,134.40625,1303395
6/22/2021,134-18+,134.578125,1384211
6/21/2021,134-13+,134.421875,1942226
6/18/2021,134-17,134.53125,2209845
6/17/2021,134-07+,134.234375,2649597
6/16/2021,133-31,133.96875,2145566
6/15/2021,134-24,134.75,1268828
6/14/2021,134-23+,134.734375,1031205
6/11/2021,135-02,135.0625,1379089
6/10/2021,135-05,135.15625,2279633
6/9/2021,134-31+,134.984375,1803146
6/8/2021,134-21+,134.671875,1357775
6/7/2021,134-10+,134.328125,844437
6/4/2021,134-13+,134.421875,1962200
6/3/2021,133-26,133.8125,1170926
6/2/2021,134-05,134.15625,949939
6/1/2021,134-00+,134.015625,1443465
5/28/2021,134-05,134.15625,180702
5/27/2021,133-31+,133.984375,985340
5/26/2021,134-06+,134.203125,2845547
5/25/2021,134-08+,134.265625,4052084
5/24/2021,133-29+,133.921875,2367110
5/21/2021,133-23+,133.734375,1695356
5/20/2021,133-25,133.78125,1619543
5/19/2021,133-10+,133.328125,2044316
5/18/2021,133-22,133.6875,998216
5/17/2021,133-20+,133.640625,1189252
5/14/2021,133-22+,133.703125,1608810
5/13/2021,133-15+,133.484375,1901751
5/12/2021,133-07,133.21875,2488669
5/11/2021,133-24,133.75,1574618
5/10/2021,133-29,133.90625,1410630
5/7/2021,134-01+,134.046875,2831157
5/6/2021,133-31,133.96875,1366666
5/5/2021,133-27,133.84375,1454032
5/4/2021,133-23,133.71875,1989203
5/3/2021,133-20,133.625,1540326
4/30/2021,133-10+,133.328125,2003114
4/29/2021,133-09,133.28125,1634108
4/28/2021,133-12+,133.390625,1705772
4/27/2021,133-10+,133.328125,1418589
4/26/2021,133-21+,133.671875,1351777
4/23/2021,133-23+,133.734375,1165827
4/22/2021,133-27,133.84375,1465180
4/21/2021,133-26+,133.828125,1264344
4/20/2021,133-27+,133.859375,1414513
4/19/2021,133-17,133.53125,1211489
4/16/2021,133-21+,133.671875,1487904
4/15/2021,133-30+,133.953125,2236329
4/14/2021,133-07,133.21875,1339839
4/13/2021,133-12,133.375,1747605
4/12/2021,132-29+,132.921875,1179342
4/9/2021,133-01,133.03125,1570458
4/8/2021,133-09+,133.296875,1171916
4/7/2021,133-04,133.125,1409520
4/6/2021,132-31+,132.984375,1385977
4/5/2021,132-13,132.40625,919100
4/2/2021,132-08,132.25,522045
4/1/2021,132-23,132.71875,1587843
3/31/2021,132-07+,132.234375,2350602
3/30/2021,132-15+,132.484375,1894739
3/29/2021,132-21,132.65625,1450487
3/26/2021,133-02,133.0625,1486510
3/25/2021,133-14,133.4375,2049220
3/24/2021,133-12+,133.390625,1694888
3/23/2021,133-07,133.21875,1562826
3/22/2021,132-27,132.84375,1302317
3/19/2021,132-16+,132.515625,2193356
3/18/2021,132-18,132.5625,2858288
3/17/2021,133-12+,133.390625,2530521
3/16/2021,133-08,133.25,1513602
3/15/2021,133-08,133.25,1448514
3/12/2021,133-02+,133.078125,2196378
3/11/2021,133-29,133.90625,2040028
3/10/2021,133-26+,133.828125,2013539
3/9/2021,133-19,133.59375,1951211
3/8/2021,133-05+,133.171875,1724824
3/5/2021,133-20+,133.640625,2659456
3/4/2021,133-22,133.6875,2272444
3/3/2021,134-11,134.34375,2125359
3/2/2021,134-27,134.84375,1703174
3/1/2021,134-15+,134.484375,2245879
2/26/2021,134-00+,134.015625,190738
2/25/2021,133-28+,133.890625,2008086
2/24/2021,135-12,135.375,3620025
2/23/2021,135-20+,135.640625,4343895
2/22/2021,135-17+,135.546875,3751139
2/19/2021,135-21+,135.671875,2898170
2/18/2021,136-02+,136.078125,2072926
2/17/2021,135-31,135.96875,3256049
2/16/2021,136,136,3257558
2/12/2021,136-24+,136.765625,1558315
2/11/2021,137-02+,137.078125,1368706
2/10/2021,137-04+,137.140625,1584234
2/9/2021,136-30,136.9375,1232418
2/8/2021,136-29,136.90625,1342801
2/5/2021,136-29,136.90625,2306009
2/4/2021,137-00+,137.015625,1424723
2/3/2021,137-00+,137.015625,1400220
2/2/2021,137-05,137.15625,1221784
2/1/2021,137-13,137.40625,1192644
1/29/2021,137-08,137.25,2708254
1/28/2021,137-15,137.46875,2184019
1/27/2021,137-24,137.75,1667733
1/26/2021,137-19,137.59375,1121552
1/25/2021,137-19,137.59375,1404902
1/22/2021,137-08,137.25,1289159
1/21/2021,137-03+,137.109375,1359281
1/20/2021,137-06,137.1875,1255751
1/19/2021,137-05,137.15625,1497258
1/15/2021,137-02+,137.078125,1385980
1/14/2021,136-25,136.78125,1704013
1/13/2021,136-31+,136.984375,1877583
1/12/2021,136-19+,136.609375,2097810
1/11/2021,136-20+,136.640625,1552850
1/8/2021,136-28,136.875,2385260
1/7/2021,137-05+,137.171875,1719014
1/6/2021,137-13+,137.421875,2672939
1/5/2021,138-02,138.0625,1316963
1/4/2021,138-11,138.34375,1324874
12/31/2020,138-09+,138.296875,852085
12/30/2020,138-06,138.1875,741740
12/29/2020,138-04+,138.140625,775267
12/28/2020,138-04+,138.140625,610234
12/24/2020,138-03,138.09375,256470
12/23/2020,137-31+,137.984375,1094067
12/22/2020,138-06+,138.203125,795131
12/21/2020,137-31+,137.984375,1279412
12/18/2020,137-31,137.96875,800916
12/17/2020,138-02+,138.078125,1275693
12/16/2020,138-03+,138.109375,1415552
12/15/2020,138-02+,138.078125,979197
12/14/2020,138-09+,138.296875,1031410
12/11/2020,138-10,138.3125,1158061
12/10/2020,138-03+,138.109375,1255556
12/9/2020,137-27,137.84375,1118052
12/8/2020,138-01,138.03125,1021005
12/7/2020,137-30,137.9375,1078149
12/4/2020,137-19,137.59375,1471040
12/3/2020,137-28,137.875,1233132
12/2/2020,137-20+,137.640625,1503776
12/1/2020,137-21,137.65625,2100082
11/30/2020,138-12+,138.390625,117387
11/27/2020,138-13,138.40625,447966
11/25/2020,138-04,138.125,1841962
11/24/2020,138-03+,138.109375,3331076
11/23/2020,138-05+,138.171875,2573621
11/20/2020,138-11+,138.359375,1541844
11/19/2020,138-07,138.21875,1522705
11/18/2020,138-01+,138.046875,1486514
11/17/2020,138-05,138.15625,1329088
11/16/2020,137-28+,137.890625,1254900
11/13/2020,137-31,137.96875,993902
11/12/2020,138-00+,138.015625,1742283
11/11/2020,137-15,137.46875,553673
11/10/2020,137-09+,137.296875,2068812
11/9/2020,137-14,137.4375,2778418
11/6/2020,138-13,138.40625,1489220
11/5/2020,138-23+,138.734375,1657504
11/4/2020,138-27,138.84375,2883115
11/3/2020,137-30+,137.953125,1270460
11/2/2020,138-05,138.15625,1439099
10/30/2020,138-02+,138.078125,2401470
10/29/2020,138-08+,138.265625,1974950
10/28/2020,138-21,138.65625,1529111
10/27/2020,138-22+,138.703125,968531
10/26/2020,138-16,138.5,1168035
10/23/2020,138-07,138.21875,1190049
10/22/2020,138-06,138.1875,1390076
10/21/2020,138-14,138.4375,1517057
10/20/2020,138-18,138.5625,1249462
10/19/2020,138-25,138.78125,1040956
10/16/2020,138-29+,138.921875,928432
10/15/2020,138-31+,138.984375,1146506
10/14/2020,139-02+,139.078125,801761
10/13/2020,139-02,139.0625,1044436
10/12/2020,138-24+,138.765625,195305
10/9/2020,138-22,138.6875,1004425
10/8/2020,138-25,138.78125,991733
10/7/2020,138-18+,138.578125,1348929
10/6/2020,138-29,138.90625,1619887
10/5/2020,138-25,138.78125,1339887
10/2/2020,139-09+,139.296875,1444042
10/1/2020,139-13,139.40625,1526426
9/30/2020,139-12+,139.390625,1728153
9/29/2020,139-20+,139.640625,788134
9/28/2020,139-15+,139.484375,719441
9/25/2020,139-16,139.5,774189
9/24/2020,139-14,139.4375,1041394
9/23/2020,139-11+,139.359375,980781
9/22/2020,139-15+,139.484375,816613
9/21/2020,139-13+,139.421875,997320
9/18/2020,139-08+,139.265625,728725
9/17/2020,139-10,139.3125,1045395
9/16/2020,139-10,139.3125,872530
9/15/2020,139-11+,139.359375,747829
9/14/2020,139-14,139.4375,746895
9/11/2020,139-14+,139.453125,937794
9/10/2020,139-09+,139.296875,1177605
9/9/2020,139-05,139.15625,1206560
9/8/2020,139-08,139.25,1363385
9/4/2020,138-28+,138.890625,1453985
9/3/2020,139-20+,139.640625,1188115
9/2/2020,139-13,139.40625,1104316
9/1/2020,139-09+,139.296875,1271604
8/31/2020,139-03+,139.109375,87139
8/28/2020,138-30+,138.953125,899499
8/27/2020,138-21+,138.671875,2405027
8/26/2020,139-00+,139.015625,2944270
8/25/2020,139-00+,139.015625,3003000
8/24/2020,139-07,139.21875,1526307
8/21/2020,139-08+,139.265625,994185
8/20/2020,139-08+,139.265625,980383
8/19/2020,139-02+,139.078125,1032995
8/18/2020,139-03,139.09375,850229
8/17/2020,139-01,139.03125,1000368
8/14/2020,138-26+,138.828125,1105774
8/13/2020,138-21+,138.671875,1322300
8/12/2020,138-28+,138.890625,1494585
8/11/2020,138-30+,138.953125,1529185
8/10/2020,139-18+,139.578125,678683
8/7/2020,139-21,139.65625,889708
8/6/2020,139-27+,139.859375,883198
8/5/2020,139-25,139.78125,1020589
8/4/2020,140-01,140.03125,773099
8/3/2020,139-20+,139.640625,843977
7/31/2020,139-25,139.78125,1257506
7/30/2020,139-23,139.71875,717957
7/29/2020,139-14+,139.453125,785966
7/28/2020,139-13,139.40625,855554
7/27/2020,139-05+,139.171875,748061
7/24/2020,139-09,139.28125,704619
7/23/2020,139-10+,139.328125,661255
7/22/2020,139-08+,139.265625,647895
7/21/2020,139-07,139.21875,614084
7/20/2020,139-03,139.09375,531156
7/17/2020,139-02,139.0625,566674
7/16/2020,139-06,139.1875,629126
7/15/2020,139-01+,139.046875,789589
7/14/2020,139-04,139.125,902282
7/13/2020,138-29+,138.921875,774599
7/10/2020,138-29+,138.921875,1029496
7/9/2020,139-06+,139.203125,993559
7/8/2020,138-28+,138.890625,928752
7/7/2020,138-29,138.90625,795282
7/6/2020,138-22,138.6875,832208
7/2/2020,138-25+,138.796875,890404
7/1/2020,138-21,138.65625,1163129
6/30/2020,138-28,138.875,1240939
6/29/2020,139-01,139.03125,876658
6/26/2020,138-29+,138.921875,924291
6/25/2020,138-19+,138.609375,1104239
6/24/2020,138-18+,138.578125,1001745
6/23/2020,138-14+,138.453125,957624
6/22/2020,138-13,138.40625,733415
6/19/2020,138-15+,138.484375,862061
6/18/2020,138-17,138.53125,866605
6/17/2020,138-09+,138.296875,974149
6/16/2020,138-04+,138.140625,1553819
6/15/2020,138-14,138.4375,1056998
6/12/2020,138-14,138.4375,1110376
6/11/2020,138-24,138.75,1466637
6/10/2020,138-06,138.1875,1399954
6/9/2020,137-13+,137.421875,1256988
6/8/2020,137,137,950189
6/5/2020,136-25+,136.796875,2211585
6/4/2020,137-16,137.5,1699672
6/3/2020,137-28+,137.890625,1441032
6/2/2020,138-18,138.5625,832718
6/1/2020,138-23,138.71875,909383
5/29/2020,138-24+,138.765625,134842
5/28/2020,138-11,138.34375,1019614
5/27/2020,138-16+,138.515625,2558810
5/26/2020,138-11,138.34375,3549623
5/22/2020,138-17+,138.546875,1390072
5/21/2020,138-14+,138.453125,1429655
5/20/2020,138-15,138.46875,1199320
5/19/2020,138-08,138.25,1271689
5/18/2020,137-31+,137.984375,1274344
5/15/2020,138-23,138.71875,1039716
5/14/2020,138-26,138.8125,1097438
5/13/2020,138-19+,138.609375,1203530
5/12/2020,138-11,138.34375,1228975
5/11/2020,138-00+,138.015625,981624
5/8/2020,138-11,138.34375,1090304
5/7/2020,138-22,138.6875,1313439
5/6/2020,137-30,137.9375,1272785
5/5/2020,138-08,138.25,962282
5/4/2020,138-11+,138.359375,916799
5/1/2020,138-08+,138.265625,870887
4/30/2020,138-14+,138.453125,1533122
4/29/2020,138-11+,138.359375,1073167
4/28/2020,138-13,138.40625,989863
4/27/2020,138-01+,138.046875,881685
4/24/2020,138-16,138.5,757985
4/23/2020,138-13,138.40625,1105020
4/22/2020,138-14,138.4375,954669
4/21/2020,138-25,138.78125,1092690
4/20/2020,138-16,138.5,741098
4/17/2020,138-09,138.28125,1365292
4/16/2020,138-20,138.625,1139525
4/15/2020,138-17+,138.546875,1331091
4/14/2020,137-19+,137.609375,1076610
4/13/2020,137-15,137.46875,596558
4/9/2020,137-20+,137.640625,1195287
4/8/2020,137-07+,137.234375,1137637
4/7/2020,137-09+,137.296875,1441115
4/6/2020,137-25+,137.796875,950207
4/3/2020,138-17,138.53125,924986
4/2/2020,138-09,138.28125,1185789
4/1/2020,138-12,138.375,1342210
3/31/2020,138-02+,138.078125,1527275
3/30/2020,138-07,138.21875,1259056
3/27/2020,137-21,137.65625,1247294
3/26/2020,137-04,137.125,1294144
3/25/2020,136-23+,136.734375,1308534
3/24/2020,136-27,136.84375,1401549
3/23/2020,137-19,137.59375,1817511
3/20/2020,136-04,136.125,1686753
3/19/2020,134-19+,134.609375,2057363
3/18/2020,133-15,133.46875,2077161
3/17/2020,135-09,135.28125,1821733
3/16/2020,137-11+,137.359375,1911153
3/13/2020,135-21+,135.671875,2297625
3/12/2020,136-20+,136.640625,2616395
3/11/2020,136-25,136.78125,2719666
3/10/2020,137-00+,137.015625,3051818
3/9/2020,138-27,138.84375,3146032
3/6/2020,137-10,137.3125,3639991
3/5/2020,135-29+,135.921875,2438978
3/4/2020,135-12+,135.390625,2735138
3/3/2020,135-04+,135.140625,3872679
3/2/2020,134-16,134.5,3398686
2/28/2020,134-04+,134.140625,275925
2/27/2020,132-23+,132.734375,2733280
2/26/2020,132-20,132.625,4313431
2/25/2020,132-13+,132.421875,5598034
2/24/2020,131-30+,131.953125,4232656
2/21/2020,131-05,131.15625,3397725
2/20/2020,130-23+,130.734375,2356919
2/19/2020,130-12,130.375,1663072
2/18/2020,130-16,130.5,1883347
2/14/2020,130-09,130.28125,1496111
2/13/2020,130-02,130.0625,2149666
2/12/2020,129-31+,129.984375,1700284
2/11/2020,130-09+,130.296875,1579786
2/10/2020,130-21,130.65625,1689593
2/7/2020,130-12,130.375,2331670
2/6/2020,129-27+,129.859375,1858725
2/5/2020,129-27,129.84375,2584163
2/4/2020,130-06,130.1875,2200574
2/3/2020,130-28,130.875,2331880
1/31/2020,130-30+,130.953125,2664632
1/30/2020,130-19+,130.609375,2694207
1/29/2020,130-10,130.3125,1757332
1/28/2020,129-29,129.90625,2306819
1/27/2020,130-06,130.1875,2434005
1/24/2020,129-18+,129.578125,2201734
1/23/2020,129-02+,129.078125,1938652
1/22/2020,128-27,128.84375,1349211
1/21/2020,128-28,128.875,1664597
1/17/2020,128-11,128.34375,1390519
1/16/2020,128-14+,128.453125,1373300
1/15/2020,128-20+,128.640625,1349774
1/14/2020,128-14,128.4375,1421799
1/13/2020,128-07,128.21875,1055289
1/10/2020,128-12,128.375,1369615
1/9/2020,128-06,128.1875,1594105
1/8/2020,128-02,128.0625,2993268
1/7/2020,128-14+,128.453125,1450885
1/6/2020,128-17+,128.546875,1666524
1/3/2020,128-22,128.6875,1817748
1/2/2020,127-29+,127.921875,1250468
12/31/2019,127-23,127.71875,850930
12/30/2019,127-26+,127.828125,891503
12/27/2019,127-30+,127.953125,667285
12/26/2019,127-21+,127.671875,402206
12/24/2019,127-19+,127.609375,398672
12/23/2019,127-12+,127.390625,620132
12/20/2019,127-17+,127.546875,806749
12/19/2019,127-19+,127.609375,1205409
12/18/2019,127-15,127.46875,1212185
12/17/2019,127-24,127.75,859548
12/16/2019,127-23,127.71875,1148417
12/13/2019,128-10+,128.328125,2715224
12/12/2019,127-22,127.6875,2587611
12/11/2019,128-18+,128.578125,1196002
12/10/2019,128-07,128.21875,1412938
12/9/2019,128-08+,128.265625,1085164
12/6/2019,128-06,128.1875,1795313
12/5/2019,128-19+,128.609375,1696136
12/4/2019,128-23,128.71875,2074650
12/3/2019,129-10+,129.328125,2377087
12/2/2019,128-06+,128.203125,2091583
11/29/2019,128-21,128.65625,154267
11/27/2019,128-23+,128.734375,1306006
11/26/2019,129-01+,129.046875,2602268
11/25/2019,128-28,128.875,2878708
11/22/2019,128-26,128.8125,2350148
11/21/2019,128-27,128.84375,2582282
11/20/2019,129-05,129.15625,2142632
11/19/2019,128-25+,128.796875,1255752
11/18/2019,128-22,128.6875,1198151
11/15/2019,128-16,128.5,978639
11/14/2019,128-22+,128.703125,1644581
11/13/2019,128-08,128.25,1483757
11/12/2019,127-28+,127.890625,1365009
11/11/2019,127-24,127.75,344598
11/8/2019,127-24,127.75,1764060
11/7/2019,127-24,127.75,2622358
11/6/2019,128-22,128.6875,1484890
11/5/2019,128-09,128.28125,1794964
11/4/2019,128-30,128.9375,1107605
11/1/2019,129-12,129.375,1624270
10/31/2019,129-21,129.65625,2201732
10/30/2019,128-27,128.84375,1410254
10/29/2019,128-20,128.625,1107499
10/28/2019,128-16+,128.515625,1104455
10/25/2019,128-28+,128.890625,1248579
10/24/2019,129-06+,129.203125,1318699
10/23/2019,129-07,129.21875,887398
10/22/2019,129-05+,129.171875,1025951
10/21/2019,128-31+,128.984375,926760
10/18/2019,129-12+,129.390625,894043
10/17/2019,129-08+,129.265625,1463817
10/16/2019,129-11,129.34375,1480517
10/15/2019,129-04,129.125,1439696
10/14/2019,129-18+,129.578125,451647
10/11/2019,129-07+,129.234375,2087451
10/10/2019,130-02,130.0625,1907652
10/9/2019,130-20+,130.640625,1192798
10/8/2019,131-02,131.0625,1396465
10/7/2019,130-28,130.875,1084278
10/4/2019,131-08+,131.265625,1601440
10/3/2019,131-03+,131.109375,1916073
10/2/2019,130-16,130.5,1824231
10/1/2019,130-00+,130.015625,2172846
9/30/2019,129-21+,129.671875,1214229
9/27/2019,129-24,129.75,1325313
9/26/2019,129-20+,129.640625,1540564
9/25/2019,129-10,129.3125,1777604
9/24/2019,130-02+,130.078125,1689336
9/23/2019,129-14,129.4375,1513971
9/20/2019,129-01+,129.046875,1238680
9/19/2019,128-30+,128.953125,1440535
9/18/2019,128-24,128.75,1643122
9/17/2019,128-20+,128.640625,1701453
9/16/2019,128-13+,128.421875,1602081
9/13/2019,127-30,127.9375,2497593
9/12/2019,128-25+,128.796875,2603316
9/11/2019,129-08+,129.265625,1613505
9/10/2019,129-16+,129.515625,2002467
9/9/2019,130-07,130.21875,1331549
9/6/2019,130-23+,130.734375,1778948
9/5/2019,130-21,130.65625,1930481
9/4/2019,131-20+,131.640625,1308604
9/3/2019,131-15+,131.484375,2102628
8/30/2019,131-02+,131.078125,134475
8/29/2019,130-31+,130.984375,1120486
8/28/2019,131-12+,131.390625,2277729
8/27/2019,131-05+,131.171875,3317674
8/26/2019,130-26,130.8125,2771285
8/23/2019,130-31+,130.984375,3167656
8/22/2019,130-10+,130.328125,1941609
8/21/2019,130-18,130.5625,1479712
8/20/2019,130-24+,130.765625,1318349
8/19/2019,130-15,130.46875,1296412
8/16/2019,130-30+,130.953125,1549517
8/15/2019,130-31+,130.984375,2722396
8/14/2019,130-17+,130.546875,2099883
8/13/2019,129-27+,129.859375,2232738
8/12/2019,130-13,130.40625,1147618
8/9/2019,129-23,129.71875,1594152
8/8/2019,129-30+,129.953125,2059943
8/7/2019,130-06,130.1875,2910174
8/6/2019,129-25+,129.796875,2306499
8/5/2019,129-28,129.875,2625894
8/2/2019,128-28+,128.890625,2311855
8/1/2019,128-23,128.71875,3135151
7/31/2019,127-14+,127.453125,2403170
7/30/2019,127-12,127.375,1151527
7/29/2019,127-15+,127.484375,867368
7/26/2019,127-08,127.25,1002499
7/25/2019,127-10,127.3125,1985659
7/24/2019,127-17+,127.546875,1127865
7/23/2019,127-12+,127.390625,1078947
7/22/2019,127-20,127.625,816913
7/19/2019,127-18,127.5625,1260018
7/18/2019,127-21+,127.671875,1741787
7/17/2019,127-12+,127.390625,1072723
7/16/2019,126-30+,126.953125,1322335
7/15/2019,127-06+,127.203125,931067
7/12/2019,127-04+,127.140625,1148508
7/11/2019,127-00+,127.015625,1751719
7/10/2019,127-15,127.46875,1896091
7/9/2019,127-10+,127.328125,1234559
7/8/2019,127-17,127.53125,1181049
7/5/2019,127-16,127.5,1994242
7/3/2019,128-09,128.28125,1229180
7/2/2019,128-05+,128.171875,1168305
7/1/2019,127-23,127.71875,1480141
6/28/2019,128,128,1360265
6/27/2019,127-31,127.96875,1358937
6/26/2019,127-20,127.625,1372796
6/25/2019,128-05,128.15625,1649628
6/24/2019,127-31,127.96875,987020
6/21/2019,127-17+,127.546875,1597384
6/20/2019,128-03,128.09375,2238622
6/19/2019,127-28+,127.890625,1922272
6/18/2019,127-17,127.53125,2049160
6/17/2019,127-11+,127.359375,994596
6/14/2019,127-10+,127.328125,1447655
6/13/2019,127-12+,127.390625,1333587
6/12/2019,127-00+,127.015625,1484141
6/11/2019,126-26+,126.828125,1277336
6/10/2019,126-25,126.78125,1290528
6/7/2019,127-08,127.25,1821859
6/6/2019,126-31,126.96875,1712163
6/5/2019,127-00+,127.015625,2341353
6/4/2019,126-31+,126.984375,1980440
6/3/2019,127-10,127.3125,2748676
5/31/2019,126-25,126.78125,403790
5/30/2019,126-03,126.09375,1414607
5/29/2019,126-01,126.03125,3176520
5/28/2019,125-25+,125.796875,4279844
5/24/2019,125-09+,125.296875,2851424
5/23/2019,125-19+,125.609375,3130623
5/22/2019,124-27,124.84375,1523116
5/21/2019,124-17+,124.546875,1308309
5/20/2019,124-22,124.6875,1263291
5/17/2019,124-28+,124.890625,1357736
5/16/2019,124-26+,124.828125,1441988
5/15/2019,125-02+,125.078125,1905968
5/14/2019,124-23+,124.734375,1302395
5/13/2019,124-26+,124.828125,1832738
5/10/2019,124-12+,124.390625,2112004
5/9/2019,124-12+,124.390625,2119854
5/8/2019,124-05,124.15625,2020026
5/7/2019,124-13+,124.421875,1816896
5/6/2019,124-01,124.03125,1421616
5/3/2019,123-24,123.75,1488964
5/2/2019,123-18+,123.578125,1605845
5/1/2019,123-31+,123.984375,1929299
4/30/2019,124-02+,124.078125,1897188
4/29/2019,123-27,123.84375,918956
4/26/2019,124-02+,124.078125,1492354
4/25/2019,123-25+,123.796875,1141463
4/24/2019,123-30,123.9375,1330691
4/23/2019,123-17,123.53125,942906
4/22/2019,123-11,123.34375,610997
4/18/2019,123-17+,123.546875,1434418
4/17/2019,123-08+,123.265625,1521927
4/16/2019,123-07+,123.234375,1356140
4/15/2019,123-18,123.5625,1013260
4/12/2019,123-16,123.5,1629932
4/11/2019,123-31,123.96875,1142422
4/10/2019,124-06+,124.203125,1349148
4/9/2019,124-01+,124.046875,1254979
4/8/2019,123-27+,123.859375,860631
4/5/2019,124,124,1419966
4/4/2019,123-30+,123.953125,1191134
4/3/2019,123-29,123.90625,1565485
4/2/2019,124-05+,124.171875,1346910
4/1/2019,124-00+,124.015625,1761109
3/29/2019,124-20,124.625,1962022
3/28/2019,124-29,124.90625,1775988
3/27/2019,125-03,125.09375,2172081
3/26/2019,124-26,124.8125,1960900
3/25/2019,124-23+,124.734375,2186358
3/22/2019,124-14,124.4375,2521931
3/21/2019,123-24+,123.765625,1563387
3/20/2019,123-26,123.8125,1540615
3/19/2019,123-05+,123.171875,1174806
3/18/2019,123-08,123.25,963883
3/15/2019,123-12,123.375,1352106
3/14/2019,123-03+,123.109375,1295563
3/13/2019,123-08+,123.265625,1098251
3/12/2019,123-09,123.28125,1758776
3/11/2019,123-01+,123.046875,1023534
3/8/2019,123-05+,123.171875,1883865
3/7/2019,123-02,123.0625,1757176
3/6/2019,122-18,122.5625,1601046
3/5/2019,122-09,122.28125,1278505
3/4/2019,122-08+,122.265625,1360058
3/1/2019,122-01+,122.046875,1880066
2/28/2019,122-13,122.40625,280819
2/27/2019,122-18+,122.578125,1627040
2/26/2019,122-31+,122.984375,3194291
2/25/2019,122-22,122.6875,3161503
2/22/2019,122-25+,122.796875,1879806
2/21/2019,122-18,122.5625,2635431
2/20/2019,122-26,122.8125,1418484
2/19/2019,122-28,122.875,1313246
2/15/2019,122-22+,122.703125,1084414
2/14/2019,122-26+,122.828125,1743940
2/13/2019,122-13,122.40625,1308329
2/12/2019,122-19+,122.609375,1143327
2/11/2019,122-25,122.78125,963200
2/8/2019,123-01,123.03125,1124119
2/7/2019,122-30,122.9375,1523473
2/6/2019,122-17+,122.546875,1087271
2/5/2019,122-17,122.53125,1036243
2/4/2019,122-12,122.375,1022090
2/1/2019,122-19,122.59375,1757389
1/31/2019,123-04,123.125,1941362
1/30/2019,122-21,122.65625,1711957
1/29/2019,122-14,122.4375,1191668
1/28/2019,122-05,122.15625,1326926
1/25/2019,122-02,122.0625,1319213
1/24/2019,122-13,122.40625,1356409
1/23/2019,122-01+,122.046875,1383476
1/22/2019,122-07+,122.234375,1733333
1/18/2019,121-26+,121.828125,1468412
1/17/2019,122-05+,122.171875,1449617
1/16/2019,122-12,122.375,1180543
1/15/2019,122-18,122.5625,1555787
1/14/2019,122-18,122.5625,1058706
1/11/2019,122-19+,122.609375,1209547
1/10/2019,122-12,122.375,1426743
1/9/2019,122-12,122.375,1428110
1/8/2019,122-13,122.40625,1174114
1/7/2019,122-22+,122.703125,1335862
1/4/2019,122-30+,122.953125,2132973
1/3/2019,123-26,123.8125,2637572
1/2/2019,122-27,122.84375,1537272
12/31/2018,122-21+,122.671875,797287
12/28/2018,122-09,122.28125,1312658
12/27/2018,122-06,122.1875,1465439
12/26/2018,121-22,121.6875,881047
12/24/2018,122-02,122.0625,513369
12/21/2018,121-22,121.6875,1417613
12/20/2018,121-23,121.71875,2172584
12/19/2018,121-26+,121.828125,2011340
12/18/2018,121-16+,121.515625,1636749
12/17/2018,121-10,121.3125,1152134
12/14/2018,121-01+,121.046875,1398432
12/13/2018,120-28+,120.890625,1384310
12/12/2018,120-28+,120.890625,1513971
12/11/2018,121-02+,121.078125,1882278
12/10/2018,121-10,121.3125,2156718
12/7/2018,121-12,121.375,2225211
12/6/2018,121-02,121.0625,3445434
12/5/2018,120-21+,120.671875,10653
12/4/2018,120-21+,120.671875,2480163
12/3/2018,120-08,120.25,1668787
11/30/2018,120-03+,120.109375,312021
11/29/2018,119-31+,119.984375,1940800
11/28/2018,119-30+,119.953125,3081143
11/27/2018,119-26,119.8125,3153782
11/26/2018,119-22+,119.703125,2513332
11/23/2018,119-27,119.84375,1247520
11/21/2018,119-25+,119.796875,1824157
11/20/2018,119-29,119.90625,2225246
11/19/2018,119-27+,119.859375,1666762
11/16/2018,119-23,119.71875,1826749
11/15/2018,119-12,119.375,2392837
11/14/2018,119-10,119.3125,2188936
11/13/2018,119-02+,119.078125,1878432
11/12/2018,118-30+,118.953125,563274
11/9/2018,118-22,118.6875,1697861
11/8/2018,118-11,118.34375,1354498
11/7/2018,118-17+,118.546875,2301837
11/6/2018,118-18,118.5625,1215002
11/5/2018,118-22+,118.703125,1230676
11/2/2018,118-19+,118.609375,2411856
11/1/2018,119-04+,119.140625,1654904
10/31/2018,119,119,1956359
10/30/2018,119-11,119.34375,1990798
10/29/2018,119-16+,119.515625,1948721
10/26/2018,119-19,119.59375,2768692
10/25/2018,119-03,119.09375,2132579
10/24/2018,119-06,119.1875,2709457
10/23/2018,118-26+,118.828125,2923885
10/22/2018,118-18,118.5625,1410808
10/19/2018,118-16+,118.515625,1956703
10/18/2018,118-22+,118.703125,2331342
10/17/2018,118-19+,118.609375,1593614
10/16/2018,118-25,118.78125,1463983
10/15/2018,118-23,118.71875,1416067
10/12/2018,118-29,118.90625,1979954
10/11/2018,118-30+,118.953125,3666139
10/10/2018,118-10,118.3125,2551116
10/9/2018,118-12,118.375,1937388
10/8/2018,118-08+,118.265625,485721
10/5/2018,118-07+,118.234375,2363170
10/4/2018,118-13+,118.421875,2803647
10/3/2018,118-22,118.6875,2673326
10/2/2018,119-12,119.375,1651670
10/1/2018,119-07+,119.234375,1262949
9/28/2018,119-11,119.34375,1713641
9/27/2018,119-10,119.3125,1513415
9/26/2018,119-09+,119.296875,1538450
9/25/2018,119-00+,119.015625,1154172
9/24/2018,119-06,119.1875,1188674
9/21/2018,119-07+,119.234375,1123897
9/20/2018,119-05,119.15625,1614630
9/19/2018,119-04,119.125,1929508
9/18/2018,119-11+,119.359375,1775605
9/17/2018,119-22,119.6875,1063405
9/14/2018,119-23+,119.734375,1462638
9/13/2018,119-31+,119.984375,1564325
9/12/2018,120,120,1308068
9/11/2018,119-28+,119.890625,1388452
9/10/2018,120-07,120.21875,856145
9/7/2018,120-06+,120.203125,2069679
9/6/2018,120-23+,120.734375,1393592
9/5/2018,120-16+,120.515625,1244147
9/4/2018,120-15+,120.484375,1442281
8/31/2018,120-26+,120.828125,246954
8/30/2018,120-22+,120.703125,1419186
8/29/2018,120-17,120.53125,2379987
8/28/2018,120-17,120.53125,3160594
8/27/2018,120-25,120.78125,1687935
8/24/2018,120-30+,120.953125,1894629
8/23/2018,121-01,121.03125,1382001
8/22/2018,121-02,121.0625,1428199
8/21/2018,120-28+,120.890625,1316423
8/20/2018,121-02,121.0625,1286812
8/17/2018,120-22,120.6875,1312548
8/16/2018,120-22+,120.703125,1253118
8/15/2018,120-28,120.875,1829448
8/14/2018,120-17+,120.546875,1292946
8/13/2018,120-22,120.6875,2075482
8/10/2018,120-26,120.8125,2336406
8/9/2018,120-05,120.15625,1137612
8/8/2018,119-30,119.9375,987422
8/7/2018,119-29,119.90625,840015
8/6/2018,120-05+,120.171875,905781
8/3/2018,120-01+,120.046875,1284592
8/2/2018,119-24+,119.765625,1306817
8/1/2018,119-19+,119.609375,1500142
7/31/2018,119-27+,119.859375,1915199
7/30/2018,119-26,119.8125,1053711
7/27/2018,119-28,119.875,1273355
7/26/2018,119-25,119.78125,1476232
7/25/2018,120-03,120.09375,1673593
7/24/2018,120,120,1311962
7/23/2018,119-29+,119.921875,1631269
7/20/2018,120-13+,120.421875,1329203
7/19/2018,120-23+,120.734375,1757197
7/18/2018,120-16,120.5,866201
7/17/2018,120-18,120.5625,818755
7/16/2018,120-19+,120.609375,878760
7/13/2018,120-25+,120.796875,822694
7/12/2018,120-19,120.59375,998978
7/11/2018,120-22,120.6875,1588869
7/10/2018,120-14+,120.453125,1011141
7/9/2018,120-18,120.5625,804790
7/6/2018,120-25,120.78125,992184
7/5/2018,120-22,120.6875,1166546
7/3/2018,120-24,120.75,1041155
7/2/2018,120-16+,120.515625,1072783
6/29/2018,120-20,120.625,1402554
6/28/2018,120-20,120.625,1409221
6/27/2018,120-26+,120.828125,1898576
6/26/2018,120-14,120.4375,1058281
6/25/2018,120-15,120.46875,1504375
6/22/2018,120-08+,120.265625,937367
6/21/2018,120-09+,120.296875,1566709
6/20/2018,120-01+,120.046875,1231414
6/19/2018,120-09,120.28125,1551816
6/18/2018,120-01,120.03125,917718
6/15/2018,120-01,120.03125,1634656
6/14/2018,119-28,119.875,1604785
6/13/2018,119-20,119.625,1501977
6/12/2018,119-27,119.84375,1236771
6/11/2018,119-28,119.875,1175545
6/8/2018,120-01,120.03125,2042131
6/7/2018,120-01,120.03125,2145874
6/6/2018,119-23,119.71875,1603866
6/5/2018,120-04+,120.140625,1653378
6/4/2018,119-30,119.9375,1346499
6/1/2018,120-09,120.28125,2163284
5/31/2018,120-28,120.875,347770
5/30/2018,120-24,120.75,2189691
5/29/2018,121-12,121.375,5473546
5/25/2018,120,120,2761228
5/24/2018,119-20+,119.640625,3791797
5/23/2018,119-17,119.53125,2875558
5/22/2018,119-00+,119.015625,1541549
5/21/2018,118-31+,118.984375,1495659
5/18/2018,118-31+,118.984375,1608621
5/17/2018,118-21,118.65625,1649924
5/16/2018,118-22,118.6875,1803123
5/15/2018,118-24,118.75,2462266
5/14/2018,119-12+,119.390625,924286
5/11/2018,119-17+,119.546875,1018534
5/10/2018,119-17,119.53125,1424795
5/9/2018,119-13,119.40625,1146875
5/8/2018,119-21,119.65625,1208157
5/7/2018,119-26+,119.828125,633457
5/4/2018,119-27,119.84375,1337672
5/3/2018,119-26+,119.828125,1462604
5/2/2018,119-21,119.65625,1318968
5/1/2018,119-16+,119.515625,921986
4/30/2018,119-24+,119.765625,1264395
4/27/2018,119-20+,119.640625,1291016
4/26/2018,119-14+,119.453125,1312131
4/25/2018,119-07,119.21875,1647855
4/24/2018,119-15,119.46875,1500561
4/23/2018,119-15,119.46875,1509849
4/20/2018,119-22,119.6875,1328046
4/19/2018,119-31,119.96875,1531393
4/18/2018,120-09,120.28125,1215936
4/17/2018,120-22+,120.703125,994110
4/16/2018,120-19+,120.609375,988126
4/13/2018,120-20,120.625,1121633
4/12/2018,120-19+,120.609375,1232813
4/11/2018,120-31+,120.984375,1366675
4/10/2018,120-29,120.90625,1160672
4/9/2018,121-01+,121.046875,1019971
4/6/2018,121-05,121.15625,1660843
4/5/2018,120-22+,120.703125,1160720
4/4/2018,120-31,120.96875,1510326
4/3/2018,120-31+,120.984375,1518112
4/2/2018,121-13,121.40625,1054232
3/29/2018,121-09,121.28125,1199682
3/28/2018,121-01+,121.046875,2317510
3/27/2018,121-01+,121.046875,1842010
3/26/2018,120-19+,120.609375,1302107
3/23/2018,120-24,120.75,1801888
3/22/2018,120-21,120.65625,2424965
3/21/2018,120-03,120.09375,1518293
3/20/2018,120-07+,120.234375,1081891
3/19/2018,120-17,120.53125,1377324
3/16/2018,120-15+,120.484375,1001737
3/15/2018,120-20+,120.640625,1317326
3/14/2018,120-22,120.6875,1692033
3/13/2018,120-15,120.46875,1676461
3/12/2018,120-11,120.34375,968757
3/9/2018,120-05+,120.171875,1348496
3/8/2018,120-10,120.3125,1256132
3/7/2018,120-05+,120.171875,1729097
3/6/2018,120-05+,120.171875,1485681
3/5/2018,120-05+,120.171875,1473819
3/2/2018,120-10+,120.328125,1928111
3/1/2018,120-24,120.75,2602235
2/28/2018,120-06,120.1875,329530
2/27/2018,119-29+,119.921875,2092694
2/26/2018,120-11+,120.359375,2811227
2/23/2018,120-08+,120.265625,2429261
2/22/2018,119-30+,119.953125,2364742
2/21/2018,119-23+,119.734375,2154049
2/20/2018,120-00+,120.015625,1618062
2/16/2018,120-03+,120.109375,1325756
2/15/2018,119-31+,119.984375,1801379
2/14/2018,119-27+,119.859375,2541538
2/13/2018,120-17,120.53125,1277076
2/12/2018,120-13+,120.421875,1422174
2/9/2018,120-22+,120.703125,2874444
2/8/2018,120-13+,120.421875,3081009
2/7/2018,120-17,120.53125,2201308
2/6/2018,121-00+,121.015625,3525275
2/5/2018,120-25+,120.796875,2851851
2/2/2018,120-08+,120.265625,2651934
2/1/2018,120-24,120.75,2201452
1/31/2018,121-03+,121.109375,2439319
1/30/2018,121-05+,121.171875,1691151
1/29/2018,121-11,121.34375,1927423
1/26/2018,121-19,121.59375,1484833
1/25/2018,121-31,121.96875,1766131
1/24/2018,121-23+,121.734375,1616438
1/23/2018,121-30+,121.953125,1539444
1/22/2018,121-20,121.625,1455296
1/19/2018,121-26,121.8125,1617134
1/18/2018,121-31+,121.984375,1950365
1/17/2018,122-06,122.1875,1448410
1/16/2018,122-16+,122.515625,1402869
1/12/2018,122-15,122.46875,1652546
1/11/2018,122-21,122.65625,1690056
1/10/2018,122-17,122.53125,2134251
1/9/2018,122-18+,122.578125,1686410
1/8/2018,123-00+,123.015625,739863
1/5/2018,123-01+,123.046875,1433004
1/4/2018,123-06+,123.203125,1133647
1/3/2018,123-10,123.3125,955926
1/2/2018,123-07,123.21875,1062328
12/29/2017,123-18+,123.578125,699637
12/28/2017,123-12,123.375,767669
12/27/2017,123-16+,123.515625,783811
12/26/2017,123-05,123.15625,317247
12/22/2017,123,123,499979
12/21/2017,123-01+,123.046875,845872
12/20/2017,122-31+,122.984375,1289547
12/19/2017,123-07,123.21875,1383059
12/18/2017,123-24+,123.765625,752076
12/15/2017,123-30+,123.953125,970192
12/14/2017,124-03,124.09375,1297841
12/13/2017,124-04+,124.140625,1658239
12/12/2017,123-21,123.65625,1175166
12/11/2017,123-25+,123.796875,846864
12/8/2017,123-25+,123.796875,1158177
12/7/2017,123-26,123.8125,1207002
12/6/2017,124-04,124.125,1366691
12/5/2017,123-28,123.875,1350168
12/4/2017,123-25,123.78125,1406518
12/1/2017,123-30+,123.953125,3108905
11/30/2017,123-18+,123.578125,399175
11/29/2017,123-31+,123.984375,1899713
11/28/2017,124-07+,124.234375,2661242
11/27/2017,124-12+,124.390625,2900454
11/24/2017,124-07+,124.234375,903231
11/22/2017,124-12,124.375,1911595
11/21/2017,123-30+,123.953125,1774516
11/20/2017,123-30+,123.953125,1276235
11/17/2017,124-05+,124.171875,1286280
11/16/2017,124-04,124.125,1145954
11/15/2017,124-10,124.3125,1794617
11/14/2017,124,124,1232433
11/13/2017,123-28+,123.890625,960605
11/10/2017,123-31,123.96875,1387082
11/9/2017,124-14+,124.453125,1685943
11/8/2017,124-16+,124.515625,1001966
11/7/2017,124-22,124.6875,1281128
11/6/2017,124-20,124.625,954051
11/3/2017,124-13+,124.421875,1373893
11/2/2017,124-13,124.40625,1419118
11/1/2017,124-05+,124.171875,1387569
10/31/2017,124-06+,124.203125,1425885
10/30/2017,124-09,124.28125,1242395
10/27/2017,123-27+,123.859375,2067719
10/26/2017,123-20+,123.640625,1763165
10/25/2017,123-23,123.71875,2025047
10/24/2017,124,124,1353951
10/23/2017,124-06,124.1875,931547
10/20/2017,124-03,124.09375,1715638
10/19/2017,124-17,124.53125,1499271
10/18/2017,124-13,124.40625,1059325
10/17/2017,124-22+,124.703125,1087579
10/16/2017,124-22,124.6875,1140752
10/13/2017,124-31,124.96875,1465750
10/12/2017,124-21,124.65625,1120475
10/11/2017,124-16,124.5,1123947
10/10/2017,124-17,124.53125,1217966
10/9/2017,124-11+,124.359375,248732
10/6/2017,124-09+,124.296875,1810859
10/5/2017,124-13+,124.421875,990526
10/4/2017,124-19,124.59375,1209896
10/3/2017,124-19,124.59375,954985
10/2/2017,124-16+,124.515625,1322271
9/29/2017,124-18+,124.578125,1811508
9/28/2017,124-26,124.8125,1668758
9/27/2017,124-22+,124.703125,2014703
9/26/2017,125-08+,125.265625,1085938
9/25/2017,125-10+,125.328125,1260658
9/22/2017,125,125,1231862
9/21/2017,124-28+,124.890625,1288393
9/20/2017,124-28+,124.890625,1546871
9/19/2017,125-08,125.25,1100219
9/18/2017,125-11,125.34375,793121
9/15/2017,125-18+,125.578125,1127267
9/14/2017,125-21+,125.671875,1469070
9/13/2017,125-23,125.71875,1034784
9/12/2017,125-29,125.90625,1213871
9/11/2017,126-08+,126.265625,975119
9/8/2017,126-24+,126.765625,1416654
9/7/2017,126-25,126.78125,1554856
9/6/2017,126-11+,126.359375,1425016
9/5/2017,126-22,126.6875,1774930
9/1/2017,125-30,125.9375,1564183
8/31/2017,126-08,126.25,252047
8/30/2017,126-02+,126.078125,1221758
8/29/2017,126-06,126.1875,2641883
8/28/2017,126,126,1952451
8/25/2017,125-28,125.875,1954747
8/24/2017,125-22,125.6875,1746329
8/23/2017,125-29+,125.921875,1206815
8/22/2017,125-18,125.5625,980893
8/21/2017,125-27,125.84375,857262
8/18/2017,125-24,125.75,1344325
8/17/2017,125-23,125.71875,1389101
8/16/2017,125-16+,125.515625,1354262
8/15/2017,125-05,125.15625,1206856
8/14/2017,125-17+,125.546875,945523
8/11/2017,125-26,125.8125,1478912
8/10/2017,125-18,125.5625,1303690
8/9/2017,125-11,125.34375,1351014
8/8/2017,125-00+,125.015625,913666
8/7/2017,125-05+,125.171875,699883
8/4/2017,125-02+,125.078125,1266517
8/3/2017,125-11+,125.359375,1088192
8/2/2017,125-03+,125.109375,1337711
8/1/2017,125-07+,125.234375,1471383
7/31/2017,124-28+,124.890625,1032988
7/28/2017,124-30+,124.953125,1232783
7/27/2017,124-26+,124.828125,1528350
7/26/2017,125-00+,125.015625,1384097
7/25/2017,124-18+,124.578125,1468763
7/24/2017,125-05,125.15625,581057
7/21/2017,125-10,125.3125,757684
7/20/2017,125-02,125.0625,1162716
7/19/2017,125-01+,125.046875,907676
7/18/2017,125-03+,125.109375,1392924
7/17/2017,124-24,124.75,788340
7/14/2017,124-21+,124.671875,1595405
7/13/2017,124-13,124.40625,1260066
7/12/2017,124-16+,124.515625,1622688
7/11/2017,124-05+,124.171875,1078017
7/10/2017,124-02+,124.078125,886577
7/7/2017,123-27,123.84375,1509536
7/6/2017,123-31+,123.984375,1567162
7/5/2017,124-07,124.21875,1314750
7/3/2017,124-03+,124.109375,1023896
6/30/2017,124-17,124.53125,1887665
6/29/2017,124-26,124.8125,1915901
6/28/2017,125-06+,125.203125,1802887
6/27/2017,125-09,125.28125,1626148
6/26/2017,125-25,125.78125,841606
6/23/2017,125-23+,125.734375,714183
6/22/2017,125-21+,125.671875,884620
6/21/2017,125-21+,125.671875,1028869
6/20/2017,125-24,125.75,1096330
6/19/2017,125-14+,125.453125,1005770
6/16/2017,125-24,125.75,1020120
6/15/2017,125-20+,125.640625,1271460
6/14/2017,125-29+,125.921875,2442293
6/13/2017,125-12,125.375,982608
6/12/2017,125-10+,125.328125,1072960
6/9/2017,125-13+,125.421875,1089893
6/8/2017,125-14+,125.453125,1304371
6/7/2017,125-17,125.53125,1100916
6/6/2017,125-24+,125.765625,1202060
6/5/2017,125-15,125.46875,788420
6/2/2017,125-20+,125.640625,1572705
6/1/2017,125-06,125.1875,1184828
5/31/2017,125-09+,125.296875,260254
5/30/2017,125-05+,125.171875,1822122
5/26/2017,124-29+,124.921875,1922254
5/25/2017,124-29,124.90625,2433716
5/24/2017,124-25+,124.796875,2304901
5/23/2017,124-19,124.59375,1674877
5/22/2017,124-27+,124.859375,986022
5/19/2017,124-29+,124.921875,1226277
5/18/2017,125-00+,125.015625,2330748
5/17/2017,125-05,125.15625,2428546
5/16/2017,124-09,124.28125,1287954
5/15/2017,124-06,124.1875,928493
5/12/2017,124-06+,124.203125,1395241
5/11/2017,123-21,123.65625,1273761
5/10/2017,123-17+,123.546875,1182375
5/9/2017,123-18,123.5625,1094660
5/8/2017,123-25+,123.796875,1174165
5/5/2017,123-30+,123.953125,1320832
5/4/2017,123-29,123.90625,1245763
5/3/2017,124-09,124.28125,1169980
5/2/2017,124-14,124.4375,997048
5/1/2017,124-06+,124.203125,948935
4/28/2017,124-14+,124.453125,1666787
4/27/2017,124-12,124.375,1417606
4/26/2017,124-09+,124.296875,1505845
4/25/2017,124-04+,124.140625,1116975
4/24/2017,124-17,124.53125,1548042
4/21/2017,124-25+,124.796875,1046535
4/20/2017,124-22,124.6875,1205793
4/19/2017,125-00+,125.015625,1198623
4/18/2017,125-08,125.25,1436201
4/17/2017,124-20+,124.640625,804493
4/13/2017,124-26,124.8125,1329353
4/12/2017,124-06+,124.203125,1370086
4/11/2017,124-07,124.21875,1485530
4/10/2017,123-20+,123.640625,947722
4/7/2017,123-17+,123.546875,2067987
4/6/2017,123-27+,123.859375,1079521
4/5/2017,123-25,123.78125,1479991
4/4/2017,123-24+,123.765625,1266102
4/3/2017,123-24+,123.765625,1559814
3/31/2017,123-09+,123.296875,1525342
3/30/2017,123-02+,123.078125,1058234
3/29/2017,123-10,123.3125,1207851
3/28/2017,123-03,123.09375,1345398
3/27/2017,123-13,123.40625,1144030
3/24/2017,123-08+,123.265625,1004433
3/23/2017,123-04+,123.140625,1533329
3/22/2017,123-08+,123.265625,1678891
3/21/2017,123-00+,123.015625,1789403
3/20/2017,122-23+,122.734375,778950
3/17/2017,122-15+,122.484375,845989
3/16/2017,122-10+,122.328125,1231017
3/15/2017,122-15,122.46875,1563846
3/14/2017,121-19+,121.609375,938460
3/13/2017,121-17,121.53125,860406
3/10/2017,121-24,121.75,1648148
3/9/2017,121-18,121.5625,1220428
3/8/2017,121-28,121.875,1719991
3/7/2017,122-06,122.1875,859981
3/6/2017,122-10+,122.328125,927711
3/3/2017,122-10,122.3125,1356447
3/2/2017,122-07+,122.234375,1361921
3/1/2017,122-14+,122.453125,1628326
2/28/2017,123-10,123.3125,402589
2/27/2017,123-11,123.34375,1246309
2/24/2017,123-26,123.8125,2291354
2/23/2017,123-08,123.25,3329428
2/22/2017,122-31,122.96875,2624783
2/21/2017,122-29,122.90625,1534132
2/17/2017,122-29,122.90625,1124874
2/16/2017,122-21,122.65625,1367559
2/15/2017,122-05+,122.171875,1448757
2/14/2017,122-14,122.4375,1536726
2/13/2017,122-25+,122.796875,826475
2/10/2017,122-31+,122.984375,1166254
2/9/2017,123-04,123.125,1434680
2/8/2017,123-18,123.5625,1724286
2/7/2017,123-10,123.3125,1410505
2/6/2017,123-04+,123.140625,1276682
2/3/2017,122-15+,122.484375,1887958
2/2/2017,122-18+,122.578125,1373958
2/1/2017,122-17,122.53125,1496441
1/31/2017,122-21+,122.671875,2121500
1/30/2017,122-13+,122.421875,1214640
1/27/2017,122-12,122.375,1076894
1/26/2017,122-05+,122.171875,1392976
1/25/2017,122-00+,122.015625,1407113
1/24/2017,122-13+,122.421875,1168462
1/23/2017,123-00+,123.015625,1684165
1/20/2017,122-13+,122.421875,1461739
1/19/2017,122-12,122.375,1809571
1/18/2017,122-29+,122.921875,1290896
1/17/2017,123-14,123.4375,1592429
1/13/2017,122-31+,122.984375,1584205
1/12/2017,123-03,123.09375,1409184
1/11/2017,123-00+,123.015625,1460875
1/10/2017,122-31,122.96875,907696
1/9/2017,122-31+,122.984375,889369
1/6/2017,122-19+,122.609375,1540229
1/5/2017,123-01,123.03125,1882843
1/4/2017,122-10,122.3125,1153515
1/3/2017,122-10,122.3125,1442195
12/30/2016,122-15+,122.484375,786367
12/29/2016,122-04+,122.140625,766254
12/28/2016,121-27,121.84375,624846
12/27/2016,121-13,121.40625,263382
12/23/2016,121-18,121.5625,287288
12/22/2016,121-15,121.46875,585524
12/21/2016,121-16,121.5,510265
12/20/2016,121-10+,121.328125,804891
12/19/2016,121-15,121.46875,1015374
12/16/2016,121-01,121.03125,1324475
12/15/2016,121-04,121.125,2089103
12/14/2016,121-19+,121.609375,1764025
12/13/2016,122-04,122.125,1251420
12/12/2016,122-06+,122.203125,1418496
12/9/2016,122-07+,122.234375,1466260
12/8/2016,122-23+,122.734375,1379057
12/7/2016,123-00+,123.015625,856050
12/6/2016,122-21+,122.671875,844697
12/5/2016,122-21+,122.671875,1503965
12/2/2016,122-21+,122.671875,1453287
12/1/2016,122-06,122.1875,1893099
11/30/2016,122-23,122.71875,361206
11/29/2016,123-08,123.25,1214689
11/28/2016,123-04,123.125,2507938
11/25/2016,122-22,122.6875,1479196
11/23/2016,122-27,122.84375,3075104
11/22/2016,123-06,123.1875,2263826
11/21/2016,123-01,123.03125,1635973
11/18/2016,123-01+,123.046875,1914268
11/17/2016,123-18,123.5625,1606222
11/16/2016,123-30+,123.953125,1843304
11/15/2016,123-29,123.90625,1750696
11/14/2016,124-04+,124.140625,2439460
11/11/2016,124-21,124.65625,596168
11/10/2016,125-01+,125.046875,3054870
11/9/2016,125-16+,125.515625,4231834
11/8/2016,126-31+,126.984375,1036202
11/7/2016,127-10+,127.328125,788423
11/4/2016,127-23+,127.734375,1336051
11/3/2016,127-16+,127.515625,1078686
11/2/2016,127-16+,127.515625,1480569
11/1/2016,127-09,127.28125,1469591
10/31/2016,127-03+,127.109375,1087201
10/28/2016,127-01,127.03125,1390479
10/27/2016,127,127,1582265
10/26/2016,127-13+,127.421875,1048754
10/25/2016,127-21,127.65625,1041362
10/24/2016,127-21,127.65625,807829
10/21/2016,127-26+,127.828125,746958
10/20/2016,127-24+,127.765625,1068248
10/19/2016,127-24,127.75,970174
10/18/2016,127-25,127.78125,1116022
10/17/2016,127-19+,127.609375,838456
10/14/2016,127-11,127.34375,1219283
10/13/2016,127-21+,127.671875,1124596
10/12/2016,127-09+,127.296875,1217196
10/11/2016,127-12,127.375,1116008
10/10/2016,127-09,127.28125,299171
10/7/2016,127-17+,127.546875,1494095
10/6/2016,127-14,127.4375,1299055
10/5/2016,127-22+,127.703125,1209515
10/4/2016,127-31+,127.984375,1402205
10/3/2016,128-14,128.4375,775029
9/30/2016,128-19+,128.609375,1671048
9/29/2016,129-01,129.03125,1165988
9/28/2016,128-29+,128.921875,1073897
9/27/2016,129-00+,129.015625,1172225
9/26/2016,128-25+,128.796875,828179
9/23/2016,128-16+,128.515625,719773
9/22/2016,128-11,128.34375,1077100
9/21/2016,128-02+,128.078125,1115107
9/20/2016,127-31+,127.984375,787032
9/19/2016,127-29,127.90625,577146
9/16/2016,127-28+,127.890625,936587
9/15/2016,127-30,127.9375,1392491
9/14/2016,127-29+,127.921875,1056684
9/13/2016,127-15,127.46875,1440609
9/12/2016,127-31+,127.984375,1198593
9/9/2016,127-27,127.84375,1279248
9/8/2016,128-06+,128.203125,1255997
9/7/2016,128-27,128.84375,916466
9/6/2016,128-27,128.84375,1186108
9/2/2016,128-08+,128.265625,1379431
9/1/2016,128-14,128.4375,1394104
8/31/2016,128-13,128.40625,256770
8/30/2016,128-13+,128.421875,986143
8/29/2016,128-15+,128.484375,1642229
8/26/2016,127-29,127.90625,2759059
8/25/2016,128-19,128.59375,2063603
8/24/2016,128-24,128.75,1300976
8/23/2016,128-24,128.75,1052529
8/22/2016,128-26,128.8125,946754
8/19/2016,128-15+,128.484375,987238
8/18/2016,128-29,128.90625,884807
8/17/2016,128-20+,128.640625,1112006
8/16/2016,128-17,128.53125,1459939
8/15/2016,128-25,128.78125,779593
8/12/2016,129-02,129.0625,1188034
8/11/2016,128-18+,128.578125,1001879
8/10/2016,129-08+,129.265625,1027376
8/9/2016,128-28,128.875,924123
8/8/2016,128-18+,128.578125,978792
8/5/2016,128-21+,128.671875,1315208
8/4/2016,129-15+,129.484375,1115628
8/3/2016,129-03+,129.109375,1022489
8/2/2016,129-02+,129.078125,1420550
8/1/2016,129-10+,129.328125,1025550
7/29/2016,129-18+,129.578125,1584235
7/28/2016,129-03,129.09375,1109267
7/27/2016,129-02+,129.078125,1171110
7/26/2016,128-21,128.65625,1023027
7/25/2016,128-19,128.59375,732638
7/22/2016,128-21,128.65625,993882
7/21/2016,128-24+,128.765625,1282566
7/20/2016,128-16+,128.515625,838211
7/19/2016,128-24+,128.765625,887408
7/18/2016,128-18,128.5625,854813
7/15/2016,128-13,128.40625,1236322
7/14/2016,128-29+,128.921875,1366292
7/13/2016,129-11+,129.359375,1201572
7/12/2016,129-01+,129.046875,1431378
7/11/2016,129-22,129.6875,932748
7/8/2016,130-10+,130.328125,1455703
7/7/2016,130-07,130.21875,1171819
7/6/2016,130-06+,130.203125,1433749
7/5/2016,130-13+,130.421875,1121073
7/1/2016,129-19+,129.609375,1346226
6/30/2016,129-16+,129.515625,1943875
6/29/2016,129-19,129.59375,1098012
6/28/2016,129-25,129.78125,1136545
6/27/2016,129-26,129.8125,1316532
6/24/2016,128-29,128.90625,3126839
6/23/2016,127-11,127.34375,1096165
6/22/2016,127-28,127.875,916892
6/21/2016,127-25,127.78125,981927
6/20/2016,127-31+,127.984375,1004678
6/17/2016,128-12+,128.390625,1170164
6/16/2016,128-26,128.8125,1500421
6/15/2016,128-19+,128.609375,1139030
6/14/2016,128-10,128.3125,1599495
6/13/2016,128-09+,128.296875,1102541
6/10/2016,128-02,128.0625,1097233
6/9/2016,127-20,127.625,1024783
6/8/2016,127-14,127.4375,793256
6/7/2016,127-15+,127.484375,662920
6/6/2016,127-13,127.40625,1079765
6/3/2016,127-16,127.5,1642334
6/2/2016,126-13,126.40625,1102804
6/1/2016,126-02+,126.078125,1246918
5/31/2016,126-07,126.21875,377106
5/27/2016,126-07,126.21875,939608
5/26/2016,126-10,126.3125,1737088
5/25/2016,125-28+,125.890625,1980645
5/24/2016,125-31+,125.984375,1721686
5/23/2016,126-05+,126.171875,1025035
5/20/2016,126-04,126.125,896676
5/19/2016,126-03,126.09375,1641077
5/18/2016,125-25+,125.796875,1932669
5/17/2016,126-26+,126.828125,1127611
5/16/2016,126-30,126.9375,906695
5/13/2016,127-12+,127.390625,1278254
5/12/2016,127-00+,127.015625,1190000
5/11/2016,127-10+,127.328125,1105210
5/10/2016,127-06+,127.203125,992388
5/9/2016,127-07,127.21875,875121
5/6/2016,126-30+,126.953125,1515455
5/5/2016,127-05,127.15625,1192171
5/4/2016,126-27+,126.859375,1118669
5/3/2016,126-23,126.71875,1321886
5/2/2016,126-04,126.125,890234
4/29/2016,126-15+,126.484375,1496779
4/28/2016,126-12,126.375,1477696
4/27/2016,126-06+,126.203125,1143464
4/26/2016,125-19,125.59375,1058861
4/25/2016,125-25+,125.796875,943310
4/22/2016,125-28+,125.890625,1012534
4/21/2016,126-01,126.03125,1397890
4/20/2016,126-05+,126.171875,1292098
4/19/2016,126-25,126.78125,1017239
4/18/2016,126-29+,126.921875,899723
4/15/2016,127-02,127.0625,819010
4/14/2016,126-25+,126.796875,1076080
4/13/2016,127-01+,127.046875,1073434
4/12/2016,126-31,126.96875,977573
4/11/2016,127-14+,127.453125,806162
4/8/2016,127-14+,127.453125,783757
4/7/2016,127-21+,127.671875,1016410
4/6/2016,127-03+,127.109375,944334
4/5/2016,127-08,127.25,996733
4/4/2016,126-28+,126.890625,739937
4/1/2016,126-23,126.71875,1275666
3/31/2016,126-26,126.8125,1138040
3/30/2016,126-14,126.4375,1123696
3/29/2016,126-13+,126.421875,1047652
3/28/2016,125-26+,125.828125,427322
3/24/2016,125-20+,125.640625,749240
3/23/2016,125-24,125.75,886490
3/22/2016,125-07,125.21875,1050855
3/21/2016,125-14,125.4375,780943
3/18/2016,125-26+,125.828125,950622
3/17/2016,125-17,125.53125,1259842
3/16/2016,125-08+,125.265625,1330804
3/15/2016,124-26+,124.828125,919809
3/14/2016,124-27,124.84375,727102
3/11/2016,124-24+,124.765625,1102407
3/10/2016,125-02,125.0625,1683316
3/9/2016,125-15+,125.484375,1064437
3/8/2016,125-29+,125.921875,1139012
3/7/2016,125-11,125.34375,852377
3/4/2016,125-16+,125.515625,1584094
3/3/2016,125-30,125.9375,1137434
3/2/2016,125-24+,125.765625,1461747
3/1/2016,126-00+,126.015625,1570795
2/29/2016,126-30,126.9375,264215
2/26/2016,126-25,126.78125,1277718
2/25/2016,127-15+,127.484375,2256835
2/24/2016,127-01,127.03125,2558613
2/23/2016,126-31,126.96875,2434982
2/22/2016,126-26,126.8125,1253494
2/19/2016,126-30,126.9375,1320422
2/18/2016,126-30+,126.953125,1335348
2/17/2016,126-15,126.46875,1483319
2/16/2016,126-30,126.9375,1581160
2/12/2016,127-03,127.09375,1727313
2/11/2016,128-02,128.0625,2468876
2/10/2016,127-17,127.53125,1781823
2/9/2016,127-11,127.34375,1993045
2/8/2016,127-10+,127.328125,1675081
2/5/2016,126-12+,126.390625,1837286
2/4/2016,126-09+,126.296875,1708898
2/3/2016,126-01+,126.046875,1998839
2/2/2016,126-04,126.125,1420462
2/1/2016,125-06+,125.203125,1229545
1/29/2016,125-19+,125.609375,1692523
1/28/2016,125-02,125.0625,1641268
1/27/2016,124-28+,124.890625,1150788
1/26/2016,124-27,124.84375,1088050
1/25/2016,124-18+,124.578125,864678
1/22/2016,124-13,124.40625,1248529
1/21/2016,124-22+,124.703125,1841733
1/20/2016,124-29,124.90625,1996094
1/19/2016,124-13+,124.421875,1569573
1/15/2016,124-15+,124.484375,1912986
1/14/2016,123-27+,123.859375,1549100
1/13/2016,124-03,124.09375,1702895
1/12/2016,123-27+,123.859375,1465533
1/11/2016,123-12+,123.390625,1173756
1/8/2016,123-14,123.4375,1657147
1/7/2016,123-04+,123.140625,1450669
1/6/2016,122-28+,122.890625,1164824
1/5/2016,122-09,122.28125,950146
1/4/2016,122-06,122.1875,1118698
12/31/2015,121-30,121.9375,459340
12/30/2015,121-20+,121.640625,706089
12/29/2015,121-22,121.6875,620234
12/28/2015,122-09+,122.296875,327705
12/24/2015,122-06+,122.203125,180131
12/23/2015,122-01,122.03125,475286
12/22/2015,122-06+,122.203125,517333
12/21/2015,122-19,122.59375,569737
12/18/2015,122-16+,122.515625,784697
12/17/2015,122-05,122.15625,981541
12/16/2015,121-25,121.78125,1005880
12/15/2015,122-04+,122.140625,952089
12/14/2015,122-14+,122.453125,1078215
12/11/2015,123-06,123.1875,1280780
12/10/2015,122-11+,122.359375,785778
12/9/2015,122-22+,122.703125,1155916
12/8/2015,122-11+,122.359375,1008344
12/7/2015,122-12,122.375,882975
12/4/2015,121-30+,121.953125,1621210
12/3/2015,121-18+,121.578125,1515071
12/2/2015,122-24,122.75,1039500
12/1/2015,122-31+,122.984375,1221403
11/30/2015,122-15,122.46875,258723
11/27/2015,122-17,122.53125,509241
11/25/2015,122-14,122.4375,1608815
11/24/2015,122-11+,122.359375,2364395
11/23/2015,122-08+,122.265625,1717050
11/20/2015,122-04,122.125,955504
11/19/2015,122-07+,122.234375,1016791
11/18/2015,122-03+,122.109375,901423
11/17/2015,122-06,122.1875,1085777
11/16/2015,122-04,122.125,965992
11/13/2015,121-31+,121.984375,1050601
11/12/2015,121-21,121.65625,1114026
11/11/2015,121-16+,121.515625,231599
11/10/2015,121-24,121.75,1127084
11/9/2015,121-15+,121.484375,1310407
11/6/2015,121-16,121.5,1844567
11/5/2015,122-09,122.28125,1287589
11/4/2015,122-12,122.375,1373910
11/3/2015,122-18,122.5625,923018
11/2/2015,122-26+,122.828125,983049
10/30/2015,123-04+,123.140625,1471261
10/29/2015,123-02,123.0625,1568986
10/28/2015,123-21,123.65625,1285733
10/27/2015,124-12,124.375,943946
10/26/2015,124-01+,124.046875,743734
10/23/2015,123-28,123.875,1255428
10/22/2015,124-12+,124.390625,1107265
10/21/2015,124-10+,124.328125,846532
10/20/2015,124-00+,124.015625,1041644
10/19/2015,124-13+,124.421875,885046
10/16/2015,124-15+,124.484375,776692
10/15/2015,124-18+,124.578125,1079901
10/14/2015,125,125,1215022
10/13/2015,124-10,124.3125,823755
10/12/2015,124-07,124.21875,154259
10/9/2015,123-30,123.9375,955703
10/8/2015,123-29+,123.921875,1181806
10/7/2015,124-08+,124.265625,987294
10/6/2015,124-15+,124.484375,1058115
10/5/2015,124-09,124.28125,898156
10/2/2015,124-25+,124.796875,1920484
10/1/2015,124-06+,124.203125,1262564
9/30/2015,124-06,124.1875,1276596
9/29/2015,124-08+,124.265625,1357240
9/28/2015,123-28+,123.890625,1018454
9/25/2015,123-09+,123.296875,1202302
9/24/2015,123-18+,123.578125,1269777
9/23/2015,123-13+,123.421875,914624
9/22/2015,123-18,123.5625,947065
9/21/2015,122-26+,122.828125,762809
9/18/2015,123-13+,123.421875,1103335
9/17/2015,122-24,122.75,1186497
9/16/2015,121-31,121.96875,1032271
9/15/2015,122-05,122.15625,1005405
9/14/2015,123,123,550448
9/11/2015,122-31+,122.984375,742290
9/10/2015,122-19+,122.609375,1039052
9/9/2015,122-28+,122.890625,1251778
9/8/2015,122-23+,122.734375,795626
9/4/2015,123-06+,123.203125,1259889
9/3/2015,122-27,122.84375,955694
9/2/2015,122-19+,122.609375,1052581
9/1/2015,122-24+,122.765625,1303310
8/31/2015,122-16+,122.515625,262060
8/28/2015,122-21,122.65625,1152751
8/27/2015,122-26+,122.828125,2336303
8/26/2015,122-26,122.8125,2825932
8/25/2015,122-30,122.9375,2400441
8/24/2015,124-02+,124.078125,2440534
8/21/2015,123-17+,123.546875,1307004
8/20/2015,123-06+,123.203125,1086808
8/19/2015,122-31,122.96875,1320397
8/18/2015,122-10+,122.328125,744608
8/17/2015,122-20+,122.640625,667866
8/14/2015,122-07+,122.234375,743346
8/13/2015,122-11+,122.359375,1288228
8/12/2015,122-27,122.84375,1579174
8/11/2015,122-23+,122.734375,1253972
8/10/2015,121-28+,121.890625,673537
8/7/2015,122-10+,122.328125,1165732
8/6/2015,121-28+,121.890625,834807
8/5/2015,121-20,121.625,1288439
8/4/2015,122-04+,122.140625,1020055
8/3/2015,122-22+,122.703125,974279
7/31/2015,122-10,122.3125,1419755
7/30/2015,121-23,121.71875,1231278
7/29/2015,121-22,121.6875,829278
7/28/2015,121-28,121.875,851800
7/27/2015,122-01,122.03125,794985
7/24/2015,121-19,121.59375,873572
7/23/2015,121-15+,121.484375,955338
7/22/2015,121-06,121.1875,847959
7/21/2015,121-02+,121.078125,827090
7/20/2015,120-24+,120.765625,769583
7/17/2015,121,121,758364
7/16/2015,121-01+,121.046875,896853
7/15/2015,121-07,121.21875,1039936
7/14/2015,120-26,120.8125,928621
7/13/2015,120-15,120.46875,1158434
7/10/2015,120-19+,120.609375,1316196
7/9/2015,121-17+,121.546875,1170991
7/8/2015,122-08,122.25,1475469
7/7/2015,122,122,1535790
7/6/2015,121-20+,121.640625,1386777
7/2/2015,120-24,120.75,1206973
7/1/2015,120-11,120.34375,1261615
6/30/2015,121-01+,121.046875,1707670
6/29/2015,121-02+,121.078125,1693467
6/26/2015,119-28+,119.890625,1076844
6/25/2015,120-14+,120.453125,1268814
6/24/2015,120-19+,120.609375,1151466
6/23/2015,120-10+,120.328125,1203581
6/22/2015,120-22+,120.703125,1067060
6/19/2015,121-14+,121.453125,957045
6/18/2015,120-23+,120.734375,1599281
6/17/2015,121-01+,121.046875,1223332
6/16/2015,120-25,120.78125,917900
6/15/2015,120-15,120.46875,1073621
6/12/2015,120-06,120.1875,1308870
6/11/2015,120-07+,120.234375,1494972
6/10/2015,119-17,119.53125,1409410
6/9/2015,119-31+,119.984375,1150298
6/8/2015,120-07,120.21875,891268
6/5/2015,119-31+,119.984375,1602854
6/4/2015,120-26,120.8125,1847702
6/3/2015,120-11+,120.359375,1793298
6/2/2015,121-06,121.1875,1513183
6/1/2015,121-25,121.78125,1172943
5/29/2015,122-18,122.5625,389444
5/28/2015,122-09,122.28125,1868428
5/27/2015,122-04+,122.140625,2737708
5/26/2015,122-05,122.15625,2478344
5/22/2015,121-17,121.53125,1282818
5/21/2015,121-31,121.96875,1331658
5/20/2015,121-16+,121.515625,1271848
5/19/2015,121-09,121.28125,1691402
5/18/2015,121-20,121.625,1040118
5/15/2015,122-09,122.28125,1212825
5/14/2015,121-20+,121.640625,1485118
5/13/2015,121-07+,121.234375,1945440
5/12/2015,121-09+,121.296875,2099725
5/11/2015,121-04+,121.140625,1329172
5/8/2015,122-02+,122.078125,1678106
5/7/2015,121-20+,121.640625,1888100
5/6/2015,121-11,121.34375,1614071
5/5/2015,121-21+,121.671875,1502848
5/4/2015,122-00+,122.015625,880995
5/1/2015,122-01,122.03125,890606
4/30/2015,122-20,122.625,1973329
4/29/2015,122-24+,122.765625,2026714
4/28/2015,123-06+,123.203125,1126038
4/27/2015,123-18,123.5625,697063
4/24/2015,123-20+,123.640625,1065745
4/23/2015,123-12+,123.390625,1211509
4/22/2015,123-03+,123.109375,1175589
4/21/2015,123-19+,123.609375,707522
4/20/2015,123-25,123.78125,789143
4/17/2015,124-02,124.0625,1177145
4/16/2015,123-30,123.9375,1169425
4/15/2015,123-22,123.6875,762083
4/14/2015,123-18,123.5625,1168721
4/13/2015,123-07+,123.234375,774585
4/10/2015,123-02,123.0625,816500
4/9/2015,123-03,123.09375,1015818
4/8/2015,123-19+,123.609375,900228
4/7/2015,123-19+,123.609375,806436
4/6/2015,123-21+,123.671875,517342
4/3/2015,124-05+,124.171875,379790
4/2/2015,123-13+,123.421875,871522
4/1/2015,123-20,123.625,1138578
3/31/2015,123-05,123.15625,1085543
3/30/2015,122-27,122.84375,820966
3/27/2015,122-30,122.9375,949736
3/26/2015,122-15+,122.484375,1334016
3/25/2015,123-02,123.0625,1008392
3/24/2015,123-11,123.34375,975935
3/23/2015,123-03,123.09375,745365
3/20/2015,122-30,122.9375,795754
3/19/2015,122-15,122.46875,1356190
3/18/2015,122-26,122.8125,1400092
3/17/2015,121-24,121.75,782331
3/16/2015,121-15,121.46875,758004
3/13/2015,121-11+,121.359375,1012210
3/12/2015,121-14+,121.453125,1471505
3/11/2015,121-07+,121.234375,1214040
3/10/2015,121-05+,121.171875,1348356
3/9/2015,120-21+,120.671875,998527
3/6/2015,120-10,120.3125,1727978
3/5/2015,121-10,121.3125,1086746
3/4/2015,121-05,121.15625,935199
3/3/2015,121-02,121.0625,1181111
3/2/2015,121-12,121.375,1183526
2/27/2015,122-01+,122.046875,354793
2/26/2015,121-29,121.90625,1442286
2/25/2015,122-11,122.34375,2019821
2/24/2015,122-10,122.3125,2471425
2/23/2015,121-20+,121.640625,1380103
2/20/2015,121-01,121.03125,1547608
2/19/2015,121-07,121.21875,1230599
2/18/2015,121-20+,121.640625,1627163
2/17/2015,120-28,120.875,1652053
2/13/2015,121-27+,121.859375,917149
2/12/2015,122-01+,122.046875,1486245
2/11/2015,121-31+,121.984375,1116608
2/10/2015,121-31+,121.984375,1261813
2/9/2015,122-07+,122.234375,1127292
2/6/2015,122-11,122.34375,1812969
2/5/2015,123-15+,123.484375,1196206
2/4/2015,123-20,123.625,1547015
2/3/2015,123-22,123.6875,1369366
2/2/2015,124-17+,124.546875,1255126
1/30/2015,124-16,124.5,1719555
1/29/2015,123-26,123.8125,1282574
1/28/2015,124-03,124.09375,1288777
1/27/2015,123-09,123.28125,1182996
1/26/2015,123-04,123.125,904980
1/23/2015,123-09+,123.296875,1179367
1/22/2015,122-24,122.75,1698494
1/21/2015,123-02,123.0625,1567621
1/20/2015,123-15+,123.484375,1349692
1/16/2015,123-15+,123.484375,1609859
1/15/2015,123-31,123.96875,1876323
1/14/2015,123-12+,123.390625,1993923
1/13/2015,122-30,122.9375,1661473
1/12/2015,122-22,122.6875,840490
1/9/2015,122-06+,122.203125,1451875
1/8/2015,121-23+,121.734375,941743
1/7/2015,122-03,122.09375,1481757
1/6/2015,121-31+,121.984375,1739806
1/5/2015,121-12+,121.390625,901819
1/2/2015,120-25,120.78125,768078
12/31/2014,120-13+,120.421875,270132
12/30/2014,120-06+,120.203125,419043
12/29/2014,120-00+,120.015625,434205
12/26/2014,119-20+,119.640625,165055
12/24/2014,119-18+,119.578125,341493
12/23/2014,119-20,119.625,547909
12/22/2014,120-10+,120.328125,427537
12/19/2014,120-08+,120.265625,806138
12/18/2014,120-03+,120.109375,1235864
12/17/2014,120-18+,120.578125,1297023
12/16/2014,121-08+,121.265625,1460070
12/15/2014,120-28,120.875,1391355
12/12/2014,121-05+,121.171875,1525258
12/11/2014,120-16,120.5,1510648
12/10/2014,120-23,120.71875,1284141
12/9/2014,120-07,120.21875,1471195
12/8/2014,119-27,119.84375,1083456
12/5/2014,119-17,119.53125,1646738
