Date,LEGATRUU
12/3/2024,473.0007
12/2/2024,472.6972
11/29/2024,473.5977
11/28/2024,471.5347
11/27/2024,471.2785
11/26/2024,468.4447
11/25/2024,468.7401
11/22/2024,465.2029
11/21/2024,466.1022
11/20/2024,465.7922
11/19/2024,467.5689
11/18/2024,466.382
11/15/2024,465.8273
11/14/2024,466.0332
11/13/2024,466.4966
11/12/2024,467.4456
11/11/2024,470.2921
11/8/2024,471.7459
11/7/2024,471.4996
11/6/2024,468.4036
11/5/2024,473.215
11/4/2024,473.1145
11/1/2024,470.7268
10/31/2024,471.9887
10/30/2024,472.1268
10/29/2024,471.6787
10/28/2024,472.2047
10/25/2024,473.2958
10/24/2024,473.6096
10/23/2024,471.921
10/22/2024,473.7353
10/21/2024,474.8797
10/18/2024,477.7025
10/17/2024,476.7147
10/16/2024,478.6127
10/15/2024,478.2745
10/14/2024,477.1038
10/11/2024,477.7001
10/10/2024,477.4146
10/9/2024,477.7463
10/8/2024,479.0265
10/7/2024,479.2905
10/4/2024,480.6236
10/3/2024,484.1022
10/2/2024,485.9608
10/1/2024,488.2876
9/30/2024,488.3581
9/27/2024,489.2062
9/26/2024,487.5192
9/25/2024,487.727
9/24/2024,488.7005
9/23/2024,487.4375
9/20/2024,486.9141
9/19/2024,487.609
9/18/2024,487.603
9/17/2024,488.8022
9/16/2024,489.6182
9/13/2024,488.1201
9/12/2024,485.7609
9/11/2024,486.3126
9/10/2024,485.375
9/9/2024,484.8801
9/6/2024,486.105
9/5/2024,484.1386
9/4/2024,483.4337
9/3/2024,480.4911
9/2/2024,479.1531
8/30/2024,480.186
8/29/2024,480.5991
8/28/2024,482.0127
8/27/2024,482.505
8/26/2024,483.1429
8/23/2024,482.7652
8/22/2024,480.2648
8/21/2024,481.7476
8/20/2024,480.8521
8/19/2024,478.9612
8/16/2024,476.7542
8/15/2024,475.9438
8/14/2024,478.8733
8/13/2024,476.9046
8/12/2024,474.7692
8/9/2024,474.8427
8/8/2024,473.354
8/7/2024,473.6813
8/6/2024,475.8446
8/5/2024,479.0749
8/2/2024,476.1118
8/1/2024,470.3781
7/31/2024,469.0874
7/30/2024,465.9636
7/29/2024,465.6608
7/26/2024,465.3376
7/25/2024,464.5913
7/24/2024,463.7819
7/23/2024,463.5134
7/22/2024,463.5413
7/19/2024,463.7474
7/18/2024,465.4285
7/17/2024,466.0746
7/16/2024,464.6456
7/15/2024,464.1461
7/12/2024,464.4929
7/11/2024,463.2747
7/10/2024,459.9104
7/9/2024,459.2751
7/8/2024,460.257
7/5/2024,459.6163
7/4/2024,457.8716
7/3/2024,457.8975
7/2/2024,455.2678
7/1/2024,454.4306
6/28/2024,456.4821
6/27/2024,457.3542
6/26/2024,456.842
6/25/2024,458.9722
6/24/2024,459.1774
6/21/2024,458.3809
6/20/2024,459.1541
6/19/2024,460.3098
6/18/2024,460.1351
6/17/2024,458.7298
6/14/2024,459.6999
6/13/2024,459.6911
6/12/2024,459.8349
6/11/2024,455.8977
6/10/2024,455.1536
6/7/2024,457.2077
6/6/2024,460.5829
6/5/2024,460.3793
6/4/2024,459.9708
6/3/2024,458.2135
5/31/2024,455.8279
5/30/2024,454.8358
5/29/2024,453.2259
5/28/2024,455.9955
5/27/2024,456.8016
5/24/2024,456.1805
5/23/2024,455.7495
5/22/2024,457.2298
5/21/2024,458.3215
5/20/2024,457.8149
5/17/2024,458.6217
5/16/2024,459.7233
5/15/2024,459.6619
5/14/2024,456.3557
5/13/2024,455.9388
5/10/2024,455.2353
5/9/2024,456.117
5/8/2024,455.7133
5/7/2024,457.2848
5/6/2024,456.3286
5/3/2024,455.7081
5/2/2024,452.7332
5/1/2024,450.3329
4/30/2024,449.9313
4/29/2024,451.6293
4/26/2024,449.926
4/25/2024,449.9182
4/24/2024,450.8012
4/23/2024,452.2242
4/22/2024,451.1985
4/19/2024,451.3296
4/18/2024,450.9419
4/17/2024,451.1684
4/16/2024,449.8494
4/15/2024,451.3836
4/12/2024,453.8399
4/11/2024,453.292
4/10/2024,455.1511
4/9/2024,459.895
4/8/2024,458.3895
4/5/2024,458.3976
4/4/2024,460.5667
4/3/2024,458.8447
4/2/2024,458.0098
4/1/2024,458.9723
3/29/2024,461.58
3/28/2024,461.6385
3/27/2024,461.6508
3/26/2024,460.7004
3/25/2024,460.6106
3/22/2024,460.8676
3/21/2024,460.5457
3/20/2024,460.0349
3/19/2024,459.8942
3/18/2024,460.0204
3/15/2024,460.1849
3/14/2024,461.0163
3/13/2024,463.8424
3/12/2024,464.1732
3/11/2024,465.3395
3/8/2024,466.199
3/7/2024,464.5922
3/6/2024,463.2707
3/5/2024,461.9936
3/4/2024,459.8748
3/1/2024,459.9244
2/29/2024,459.0528
2/28/2024,458.0106
2/27/2024,457.9542
2/26/2024,458.4517
2/23/2024,458.711
2/22/2024,457.3412
2/21/2024,457.0384
2/20/2024,458.3658
2/19/2024,456.7485
2/16/2024,456.762
2/15/2024,457.7304
2/14/2024,456.1865
2/13/2024,455.1291
2/12/2024,458.4407
2/9/2024,458.3418
2/8/2024,458.4088
2/7/2024,459.9842
2/6/2024,459.9766
2/5/2024,458.0609
2/2/2024,462.0997
2/1/2024,465.9222
1/31/2024,464.8953
1/30/2024,461.9355
1/29/2024,461.362
1/26/2024,460.3985
1/25/2024,460.4392
1/24/2024,460.2457
1/23/2024,459.629
1/22/2024,461.1357
1/19/2024,460.0139
1/18/2024,459.5195
1/17/2024,459.9685
1/16/2024,462.4993
1/15/2024,465.7639
1/12/2024,466.6197
1/11/2024,464.8836
1/10/2024,464.236
1/9/2024,464.5124
1/8/2024,465.6133
1/5/2024,464.8735
1/4/2024,465.0098
1/3/2024,466.5538
1/2/2024,467.7115
12/29/2023,471.3998
12/28/2023,472.7737
12/27/2023,472.8184
12/26/2023,469.5732
12/25/2023,469.1785
12/22/2023,469.1249
12/21/2023,469.0643
12/20/2023,468.5112
12/19/2023,466.933
12/18/2023,465.2428
12/15/2023,466.6693
12/14/2023,466.7879
12/13/2023,459.7757
12/12/2023,455.9018
12/11/2023,454.3144
12/8/2023,455.5488
12/7/2023,457.4425
12/6/2023,456.9881
12/5/2023,455.8858
12/4/2023,453.9305
12/1/2023,454.2604
11/30/2023,452.5896
11/29/2023,454.5561
11/28/2023,452.0957
11/27/2023,449.7814
11/24/2023,447.6766
11/23/2023,448.4186
11/22/2023,448.2004
11/21/2023,450.0582
11/20/2023,448.7631
11/17/2023,446.9313
11/16/2023,446.0444
11/15/2023,444.3006
11/14/2023,444.4007
11/13/2023,438.6501
11/10/2023,438.4627
11/9/2023,439.639
11/8/2023,441.1429
11/7/2023,439.8622
11/6/2023,439.5807
11/3/2023,440.3894
11/2/2023,436.1851
11/1/2023,432.8777
10/31/2023,430.8629
10/30/2023,432.3659
10/27/2023,432.0305
10/26/2023,431.0337
10/25/2023,430.3339
10/24/2023,432.3472
10/23/2023,431.5238
10/20/2023,430.2052
10/19/2023,429.0545
10/18/2023,430.0635
10/17/2023,432.0602
10/16/2023,433.91
10/13/2023,434.5876
10/12/2023,434.2889
10/11/2023,437.4015
10/10/2023,435.5605
10/9/2023,432.9084
10/6/2023,431.6016
10/5/2023,432.6223
10/4/2023,431.4656
10/3/2023,430.4291
10/2/2023,432.6728
9/29/2023,436.0752
9/28/2023,434.7936
9/27/2023,434.6512
9/26/2023,436.6856
9/25/2023,437.104
9/22/2023,440.1722
9/21/2023,439.637
9/20/2023,442.2123
9/19/2023,441.7061
9/18/2023,442.1982
9/15/2023,442.3454
9/14/2023,443.7353
9/13/2023,443.939
9/12/2023,443.3792
9/11/2023,443.7947
9/8/2023,443.5874
9/7/2023,443.21
9/6/2023,442.4954
9/5/2023,443.3063
9/4/2023,446.376
9/1/2023,447.329
8/31/2023,449.1976
8/30/2023,448.9802
8/29/2023,447.6674
8/28/2023,445.5596
8/25/2023,444.7706
8/24/2023,446.4407
8/23/2023,447.0306
8/22/2023,443.7536
8/21/2023,443.232
8/18/2023,445.142
8/17/2023,444.0502
8/16/2023,445.2864
8/15/2023,446.3238
8/14/2023,446.7847
8/11/2023,448.6041
8/10/2023,450.9514
8/9/2023,452.303
8/8/2023,451.7241
8/7/2023,451.2729
8/4/2023,452.043
8/3/2023,448.9838
8/2/2023,450.6052
8/1/2023,452.2446
7/31/2023,455.4279
7/28/2023,455.8217
7/27/2023,454.9427
7/26/2023,457.5268
7/25/2023,456.6971
7/24/2023,457.096
7/21/2023,457.1026
7/20/2023,457.8241
7/19/2023,460.0354
7/18/2023,460.6894
7/17/2023,459.248
7/14/2023,459.5543
7/13/2023,460.0063
7/12/2023,456.564
7/11/2023,451.502
7/10/2023,450.1749
7/7/2023,449.3207
7/6/2023,447.7974
7/5/2023,450.6529
7/4/2023,452.0828
7/3/2023,451.8584
6/30/2023,452.2958
6/29/2023,451.3634
6/28/2023,453.6351
6/27/2023,454.1024
6/26/2023,454.5694
6/23/2023,453.5329
6/22/2023,453.2255
6/21/2023,454.8334
6/20/2023,454.6691
6/19/2023,453.7284
6/16/2023,454.6965
6/15/2023,454.5754
6/14/2023,453.4055
6/13/2023,452.5379
6/12/2023,453.0249
6/9/2023,453.0751
6/8/2023,453.0117
6/7/2023,451.1545
6/6/2023,452.2325
6/5/2023,452.1554
6/2/2023,453.1773
6/1/2023,454.3344
5/31/2023,452.3312
5/30/2023,451.6693
5/29/2023,448.7824
5/26/2023,448.0348
5/25/2023,448.8317
5/24/2023,451.2457
5/23/2023,452.3192
5/22/2023,452.8474
5/19/2023,452.9825
5/18/2023,453.1027
5/17/2023,456.4099
5/16/2023,457.7824
5/15/2023,458.7993
5/12/2023,459.9093
5/11/2023,462.3752
5/10/2023,461.9906
5/9/2023,459.7722
5/8/2023,461.0355
5/5/2023,462.0432
5/4/2023,463.3134
5/3/2023,463.0093
5/2/2023,460.6088
5/1/2023,458.2306
4/28/2023,461.3495
4/27/2023,459.214
4/26/2023,461.3348
4/25/2023,461.115
4/24/2023,459.4095
4/21/2023,457.9466
4/20/2023,458.8781
4/19/2023,457.0721
4/18/2023,458.2362
4/17/2023,457.0727
4/14/2023,460.3104
4/13/2023,462.5672
4/12/2023,461.4426
4/11/2023,460.5794
4/10/2023,461.2341
4/7/2023,462.4943
4/6/2023,463.6143
4/5/2023,463.957
4/4/2023,463.219
4/3/2023,461.2854
3/31/2023,459.3227
3/30/2023,458.7247
3/29/2023,457.8659
3/28/2023,458.3511
3/27/2023,458.2455
3/24/2023,461.0366
3/23/2023,462.0116
3/22/2023,457.9666
3/21/2023,456.5571
3/20/2023,457.8688
3/17/2023,457.5923
3/16/2023,454.0943
3/15/2023,454.5459
3/14/2023,452.8483
3/13/2023,455.3051
3/10/2023,450.1853
3/9/2023,444.0217
3/8/2023,442.851
3/7/2023,443.3767
3/6/2023,445.2323
3/3/2023,444.3632
3/2/2023,442.5448
3/1/2023,444.543
2/28/2023,445.2434
2/27/2023,444.9915
2/24/2023,444.2571
2/23/2023,447.5171
2/22/2023,446.9948
2/21/2023,447.2791
2/20/2023,450.2478
2/17/2023,449.6115
2/16/2023,449.7371
2/15/2023,450.7764
2/14/2023,453.1787
2/13/2023,454.2133
2/10/2023,453.9353
2/9/2023,456.8804
2/8/2023,456.5883
2/7/2023,456.0692
2/6/2023,456.3733
2/3/2023,461.4615
2/2/2023,466.6737
2/1/2023,463.1692
1/31/2023,460.5541
1/30/2023,459.9795
1/27/2023,460.6262
1/26/2023,461.142
1/25/2023,462.8302
1/24/2023,461.958
1/23/2023,460.3713
1/20/2023,460.7811
1/19/2023,462.6066
1/18/2023,464.0637
1/17/2023,460.5765
1/16/2023,460.2281
1/13/2023,460.764
1/12/2023,459.6868
1/11/2023,455.8959
1/10/2023,453.5124
1/9/2023,455.3111
1/6/2023,452.1156
1/5/2023,447.1892
1/4/2023,449.6396
1/3/2023,447.2763
12/30/2022,445.9152
12/29/2022,446.1406
12/28/2022,444.3344
12/27/2022,446.0965
12/26/2022,447.3318
12/23/2022,447.4247
12/22/2022,448.483
12/21/2022,449.3601
12/20/2022,449.438
12/19/2022,449.0026
12/16/2022,451.1433
12/15/2022,452.8577
12/14/2022,455.5269
12/13/2022,454.5534
12/12/2022,450.4589
12/9/2022,451.5544
12/8/2022,453.2428
12/7/2022,453.2836
12/6/2022,451.3035
12/5/2022,451.0722
12/2/2022,451.8751
12/1/2022,451.2251
11/30/2022,443.5168
11/29/2022,443.5807
11/28/2022,444.2731
11/25/2022,444.7593
11/24/2022,446.2042
11/23/2022,444.374
11/22/2022,440.7016
11/21/2022,438.5632
11/18/2022,440.8363
11/17/2022,440.195
11/16/2022,443.0857
11/15/2022,441.048
11/14/2022,437.8666
11/11/2022,438.5809
11/10/2022,435.6731
11/9/2022,426.2647
11/8/2022,425.7782
11/7/2022,423.3282
11/4/2022,422.2824
11/3/2022,420.3735
11/2/2022,424.3376
11/1/2022,424.3857
10/31/2022,423.5826
10/28/2022,426.3085
10/27/2022,428.228
10/26/2022,426.2548
10/25/2022,422.3679
10/24/2022,418.0608
10/21/2022,415.9279
10/20/2022,417.512
10/19/2022,418.346
10/18/2022,421.3877
10/17/2022,420.4909
10/14/2022,418.8053
10/13/2022,419.77
10/12/2022,420.4829
10/11/2022,421.1081
10/10/2022,422.4155
10/7/2022,424.8319
10/6/2022,427.382
10/5/2022,429.1077
10/4/2022,432.8625
10/3/2022,430.1659
9/30/2022,426.5159
9/29/2022,425.5687
9/28/2022,424.921
9/27/2022,421.4479
9/26/2022,424.2758
9/23/2022,429.6236
9/22/2022,433.3212
9/21/2022,436.5916
9/20/2022,437.4513
9/19/2022,439.9227
9/16/2022,440.3541
9/15/2022,440.836
9/14/2022,442.4648
9/13/2022,442.1294
9/12/2022,445.9714
9/9/2022,444.3755
9/8/2022,442.6036
9/7/2022,443.4599
9/6/2022,442.7942
9/5/2022,445.9945
9/2/2022,447.8703
9/1/2022,445.4849
8/31/2022,449.6171
8/30/2022,449.89
8/29/2022,451.4003
8/26/2022,453.6138
8/25/2022,454.2985
8/24/2022,452.7305
8/23/2022,454.184
8/22/2022,454.1108
8/19/2022,456.9952
8/18/2022,461.8438
8/17/2022,462.1164
8/16/2022,465.1255
8/15/2022,466.79
8/12/2022,465.9465
8/11/2022,467.2407
8/10/2022,469.2578
8/9/2022,465.4268
8/8/2022,466.3329
8/5/2022,464.016
8/4/2022,468.8103
8/3/2022,466.2057
8/2/2022,468.0509
8/1/2022,471.4708
7/29/2022,468.0885
7/28/2022,466.4023
7/27/2022,461.9295
7/26/2022,461.9589
7/25/2022,462.1802
7/22/2022,462.7664
7/21/2022,458.1495
7/20/2022,456.1915
7/19/2022,456.6603
7/18/2022,456.9458
7/15/2022,455.7091
7/14/2022,453.3118
7/13/2022,457.0978
7/12/2022,455.9666
7/11/2022,454.8598
7/8/2022,455.2944
7/7/2022,456.3169
7/6/2022,457.608
7/5/2022,458.9856
7/4/2022,459.6232
7/1/2022,460.4431
6/30/2022,458.3446
6/29/2022,456.3437
6/28/2022,454.9949
6/27/2022,457.1295
6/24/2022,458.2262
6/23/2022,458.6762
6/22/2022,456.2471
6/21/2022,452.9056
6/20/2022,454.121
6/17/2022,453.6435
6/16/2022,455.0716
6/15/2022,452.6948
6/14/2022,449.5534
6/13/2022,452.7848
6/10/2022,459.9209
6/9/2022,464.5085
6/8/2022,466.7871
6/7/2022,468.4076
6/6/2022,468.339
6/3/2022,470.5493
6/2/2022,471.1731
6/1/2022,470.8893
5/31/2022,473.5394
5/30/2022,476.7996
5/27/2022,476.4501
5/26/2022,475.4129
5/25/2022,475.7175
5/24/2022,475.7261
5/23/2022,472.7711
5/20/2022,472.3058
5/19/2022,471.7416
5/18/2022,469.5778
5/17/2022,468.4481
5/16/2022,468.5391
5/13/2022,467.6844
5/12/2022,469.5897
5/11/2022,468.9915
5/10/2022,467.7695
5/9/2022,466.1936
5/6/2022,466.2955
5/5/2022,468.4534
5/4/2022,471.1247
5/3/2022,470.3652
5/2/2022,469.7271
4/29/2022,472.2504
4/28/2022,472.302
4/27/2022,475.121
4/26/2022,478.4777
4/25/2022,477.5059
4/22/2022,476.8646
4/21/2022,479.3854
4/20/2022,481.9728
4/19/2022,478.9586
4/18/2022,482.1889
4/15/2022,483.4557
4/14/2022,483.4566
4/13/2022,486.2088
4/12/2022,486.3068
4/11/2022,485.5268
4/8/2022,487.9714
4/7/2022,490.1194
4/6/2022,491.0825
4/5/2022,493.2353
4/4/2022,497.151
4/1/2022,496.7495
3/31/2022,499.6239
3/30/2022,498.5417
3/29/2022,496.2107
3/28/2022,493.6653
3/25/2022,494.8202
3/24/2022,497.0697
3/23/2022,498.6054
3/22/2022,497.5722
3/21/2022,500.3058
3/18/2022,503.0012
3/17/2022,503.0519
3/16/2022,500.8681
3/15/2022,500.2873
3/14/2022,500.5434
3/11/2022,504.4521
3/10/2022,505.9301
3/9/2022,508.236
3/8/2022,507.8588
3/7/2022,511.22
3/4/2022,514.0915
3/3/2022,513.563
3/2/2022,513.3635
3/1/2022,518.1627
2/28/2022,515.3167
2/25/2022,513.0395
2/24/2022,511.0814
2/23/2022,514.4588
2/22/2022,515.4697
2/21/2022,516.3109
2/18/2022,516.3191
2/17/2022,515.955
2/16/2022,514.7358
2/15/2022,513.4765
2/14/2022,513.7693
2/11/2022,516.3244
2/10/2022,516.1411
2/9/2022,518.7161
2/8/2022,517.5876
2/7/2022,519.5252
2/4/2022,519.7704
2/3/2022,522.5528
2/2/2022,523.552
2/1/2022,522.0745
1/31/2022,521.5153
1/28/2022,521.6466
1/27/2022,521.5173
1/26/2022,524.0277
1/25/2022,525.6297
1/24/2022,526.3927
1/21/2022,527.3968
1/20/2022,526.3355
1/19/2022,525.2652
1/18/2022,524.6096
1/17/2022,527.0524
1/14/2022,528.423
1/13/2022,530.5009
1/12/2022,528.619
1/11/2022,526.4258
1/10/2022,525.8972
1/7/2022,526.1801
1/6/2022,526.2224
1/5/2022,528.1506
1/4/2022,528.3537
1/3/2022,528.8281
12/31/2021,532.4266
12/30/2021,531.2514
12/29/2021,531.1477
12/28/2021,531.862
12/27/2021,532.0166
12/24/2021,532.1036
12/23/2021,531.7635
12/22/2021,532.7338
12/21/2021,531.7061
12/20/2021,533.793
12/17/2021,534.2808
12/16/2021,534.349
12/15/2021,532.9264
12/14/2021,533.9306
12/13/2021,534.5923
12/10/2021,534.0023
12/9/2021,533.7297
12/8/2021,533.5149
12/7/2021,533.7813
12/6/2021,534.3721
12/3/2021,534.9088
12/2/2021,534.6867
12/1/2021,534.8757
11/30/2021,533.171
11/29/2021,532.0211
11/26/2021,533.2551
11/25/2021,528.0893
11/24/2021,527.571
11/23/2021,528.4724
11/22/2021,530.3753
11/19/2021,533.4286
11/18/2021,532.5247
11/17/2021,531.2902
11/16/2021,531.454
11/15/2021,533.0986
11/12/2021,534.024
11/11/2021,534.6237
11/10/2021,535.9644
11/9/2021,539.9487
11/8/2021,538.6007
11/5/2021,538.4602
11/4/2021,536.1492
11/3/2021,535.1194
11/2/2021,535.6053
11/1/2021,534.5809
10/29/2021,534.7351
10/28/2021,537.4202
10/27/2021,536.6947
10/26/2021,534.6097
10/25/2021,534.6463
10/22/2021,534.6288
10/21/2021,533.8994
10/20/2021,534.5393
10/19/2021,534.5607
10/18/2021,534.436
10/15/2021,535.3239
10/14/2021,536.0059
10/13/2021,534.5015
10/12/2021,532.6855
10/11/2021,532.9596
10/8/2021,534.0941
10/7/2021,535.2252
10/6/2021,535.4392
10/5/2021,536.1598
10/4/2021,538.0222
10/1/2021,537.625
9/30/2021,536.0307
9/29/2021,536.1746
9/28/2021,537.1431
9/27/2021,539.6712
9/24/2021,540.3463
9/23/2021,542.5405
9/22/2021,544.3785
9/21/2021,544.2057
9/20/2021,543.9537
9/17/2021,543.042
9/16/2021,544.5895
9/15/2021,546.5043
9/14/2021,546.7265
9/13/2021,545.6168
9/10/2021,545.8667
9/9/2021,546.1978
9/8/2021,544.3552
9/7/2021,544.7328
9/6/2021,546.6882
9/3/2021,547.0585
9/2/2021,547.1922
9/1/2021,546.3743
8/31/2021,545.7278
8/30/2021,546.1344
8/27/2021,545.4851
8/26/2021,544.2683
8/25/2021,544.3272
8/24/2021,546.031
8/23/2021,545.8259
8/20/2021,544.5656
8/19/2021,544.8827
8/18/2021,545.3132
8/17/2021,545.3788
8/16/2021,547.106
8/13/2021,546.3322
8/12/2021,544.2845
8/11/2021,544.4205
8/10/2021,544.1473
8/9/2021,544.9198
8/6/2021,545.4096
8/5/2021,549.0013
8/4/2021,549.2379
8/3/2021,549.6865
8/2/2021,549.5073
7/30/2021,548.0067
7/29/2021,548.1083
7/28/2021,546.2772
7/27/2021,546.7374
7/26/2021,545.5705
7/23/2021,544.6589
7/22/2021,545.6402
7/21/2021,544.1744
7/20/2021,544.9147
7/19/2021,545.7806
7/16/2021,544.2199
7/15/2021,544.4911
7/14/2021,543.914
7/13/2021,542.7963
7/12/2021,543.8089
7/9/2021,543.3574
7/8/2021,544.7191
7/7/2021,543.0441
7/6/2021,542.7508
7/5/2021,541.6213
7/2/2021,540.9466
7/1/2021,540.3512
6/30/2021,540.8085
6/29/2021,541.1156
6/28/2021,541.4538
6/25/2021,540.859
6/24/2021,541.1681
6/23/2021,541.3362
6/22/2021,540.6725
6/21/2021,541.1611
6/18/2021,541.0609
6/17/2021,541.6913
6/16/2021,544.5583
6/15/2021,545.1463
6/14/2021,545.7203
6/11/2021,546.4901
6/10/2021,547.0628
6/9/2021,546.7127
6/8/2021,545.8227
6/7/2021,545.1704
6/4/2021,544.8868
6/3/2021,542.8905
6/2/2021,545.0055
6/1/2021,545.3925
5/31/2021,545.6221
5/28/2021,544.5224
5/27/2021,544.555
5/26/2021,545.5732
5/25/2021,545.5446
5/24/2021,544.1431
5/21/2021,543.0951
5/20/2021,543.0263
5/19/2021,542.3672
5/18/2021,542.912
5/17/2021,541.5547
5/14/2021,541.4651
5/13/2021,539.7186
5/12/2021,540.1344
5/11/2021,543.2458
5/10/2021,544.2806
5/7/2021,543.9796
5/6/2021,542.2509
5/5/2021,541.2375
5/4/2021,541.3716
5/3/2021,541.679
4/30/2021,540.5455
4/29/2021,541.6839
4/28/2021,541.7808
4/27/2021,542.1263
4/26/2021,543.0947
4/23/2021,542.4938
4/22/2021,542.6146
4/21/2021,542.5287
4/20/2021,542.4176
4/19/2021,541.7178
4/16/2021,540.5835
4/15/2021,541.1306
4/14/2021,539.3575
4/13/2021,538.5787
4/12/2021,537.7444
4/9/2021,537.4741
4/8/2021,538.5224
4/7/2021,537.6401
4/6/2021,537.029
4/5/2021,534.951
4/2/2021,534.2901
4/1/2021,534.8058
3/31/2021,533.802
3/30/2021,533.1947
3/29/2021,534.641
3/26/2021,536.145
3/25/2021,536.6374
3/24/2021,537.7728
3/23/2021,538.0766
3/22/2021,537.8945
3/19/2021,536.5385
3/18/2021,536.5819
3/17/2021,536.9351
3/16/2021,537.9298
3/15/2021,537.8582
3/12/2021,537.733
3/11/2021,540.5076
3/10/2021,538.8547
3/9/2021,538.0334
3/8/2021,536.5558
3/5/2021,538.7504
3/4/2021,541.7051
3/3/2021,543.3522
3/2/2021,544.6158
3/1/2021,543.9696
2/26/2021,544.272
2/25/2021,544.3751
2/24/2021,545.9423
2/23/2021,547.7269
2/22/2021,547.8397
2/19/2021,547.8624
2/18/2021,547.8215
2/17/2021,547.8368
2/16/2021,549.0071
2/15/2021,550.7887
2/12/2021,551.3349
2/11/2021,552.7889
2/10/2021,552.8032
2/9/2021,552.043
2/8/2021,550.5713
2/5/2021,549.7187
2/4/2021,549.4523
2/3/2021,550.607
2/2/2021,551.1576
2/1/2021,552.5796
1/29/2021,553.8047
1/28/2021,554.2254
1/27/2021,554.5757
1/26/2021,555.8737
1/25/2021,555.3268
1/22/2021,554.7533
1/21/2021,555.0088
1/20/2021,554.9847
1/19/2021,554.6504
1/18/2021,553.6446
1/15/2021,554.1684
1/14/2021,554.9917
1/13/2021,555.2697
1/12/2021,553.3005
1/11/2021,553.3634
1/8/2021,556.1311
1/7/2021,556.174
1/6/2021,557.4265
1/5/2021,559.3117
1/4/2021,559.5641
12/31/2020,558.7254
12/30/2020,558.9703
12/29/2020,557.4482
12/28/2020,555.818
12/25/2020,555.9331
12/24/2020,555.9688
12/23/2020,555.4962
12/22/2020,555.6922
12/21/2020,555.9866
12/18/2020,556.7043
12/17/2020,557.5698
12/16/2020,555.9919
12/15/2020,555.5013
12/14/2020,555.0635
12/11/2020,554.9211
12/10/2020,554.4541
12/9/2020,553.4397
12/8/2020,554.1696
12/7/2020,553.7585
12/4/2020,553.0064
12/3/2020,554.0076
12/2/2020,550.9687
12/1/2020,550.69
11/30/2020,551.3198
11/27/2020,551.2971
11/26/2020,550.0528
11/25/2020,549.7328
11/24/2020,549.0274
11/23/2020,548.5965
11/20/2020,549.7987
11/19/2020,548.6534
11/18/2020,549.2798
11/17/2020,548.4444
11/16/2020,546.7667
11/13/2020,545.8977
11/12/2020,545.1091
11/11/2020,543.011
11/10/2020,544.1708
11/9/2020,544.6831
11/6/2020,548.4961
11/5/2020,548.1579
11/4/2020,544.6883
11/3/2020,543.2396
11/2/2020,541.4536
10/30/2020,541.4746
10/29/2020,541.7831
10/28/2020,543.9592
10/27/2020,545.4697
10/26/2020,543.9694
10/23/2020,543.8025
10/22/2020,543.6948
10/21/2020,545.5576
10/20/2020,543.9745
10/19/2020,544.1573
10/16/2020,543.4339
10/15/2020,542.8489
10/14/2020,543.9745
10/13/2020,543.0469
10/12/2020,543.3336
10/9/2020,542.8753
10/8/2020,540.7717
10/7/2020,540.1403
10/6/2020,541.5144
10/5/2020,541.1755
10/2/2020,541.0385
10/1/2020,541.1062
9/30/2020,540.9572
9/29/2020,541.1673
9/28/2020,539.5694
9/25/2020,539.036
9/24/2020,539.4295
9/23/2020,540.5563
9/22/2020,541.6041
9/21/2020,542.7344
9/18/2020,544.5762
9/17/2020,543.776
9/16/2020,543.7684
9/15/2020,543.0817
9/14/2020,543.0573
9/11/2020,541.6438
9/10/2020,541.4828
9/9/2020,540.8823
9/8/2020,541.4095
9/7/2020,541.1028
9/4/2020,540.9628
9/3/2020,543.4313
9/2/2020,543.2097
9/1/2020,543.8919
8/31/2020,542.91
8/28/2020,541.8519
8/27/2020,539.0473
8/26/2020,540.6099
8/25/2020,540.4974
8/24/2020,542.073
8/21/2020,541.5186
8/20/2020,542.2871
8/19/2020,543.1836
8/18/2020,543.5261
8/17/2020,541.7766
8/14/2020,540.3119
8/13/2020,540.3534
8/12/2020,540.8741
8/11/2020,541.3408
8/10/2020,543.4489
8/7/2020,543.462
8/6/2020,545.2036
8/5/2020,545.0315
8/4/2020,543.2571
8/3/2020,541.7188
7/31/2020,543.739
7/30/2020,543.5113
7/29/2020,542.3468
7/28/2020,541.7852
7/27/2020,541.7927
7/24/2020,538.7462
7/23/2020,538.0097
7/22/2020,537.5181
7/21/2020,535.7415
7/20/2020,533.8489
7/17/2020,532.6813
7/16/2020,533.2203
7/15/2020,532.5739
7/14/2020,531.663
7/13/2020,530.8972
7/10/2020,531.3642
7/9/2020,530.9169
7/8/2020,530.1214
7/7/2020,529.2873
7/6/2020,529.1507
7/3/2020,527.7667
7/2/2020,527.4791
7/1/2020,527.0668
6/30/2020,526.9333
6/29/2020,527.0577
6/26/2020,526.8857
6/25/2020,526.9166
6/24/2020,527.7694
6/23/2020,528.8307
6/22/2020,527.3953
6/19/2020,526.0591
6/18/2020,526.7354
6/17/2020,526.4017
6/16/2020,526.3366
6/15/2020,526.5531
6/12/2020,526.2133
6/11/2020,529.0486
6/10/2020,527.4021
6/9/2020,526.0831
6/8/2020,524.0722
6/5/2020,522.4213
6/4/2020,523.3169
6/3/2020,522.5109
6/2/2020,523.1298
6/1/2020,522.7518
5/29/2020,522.2931
5/28/2020,520.5546
5/27/2020,519.0913
5/26/2020,519.2604
5/25/2020,517.871
5/22/2020,518.1732
5/21/2020,518.5985
5/20/2020,519.049
5/19/2020,516.9711
5/18/2020,515.2587
5/15/2020,515.3831
5/14/2020,515.774
5/13/2020,515.9067
5/12/2020,515.9578
5/11/2020,514.3944
5/8/2020,515.6506
5/7/2020,515.891
5/6/2020,515.5634
5/5/2020,517.4854
5/4/2020,518.0034
5/1/2020,519.7754
4/30/2020,520.0118
4/29/2020,517.7244
4/28/2020,516.6036
4/27/2020,515.4144
4/24/2020,515.1652
4/23/2020,514.7271
4/22/2020,513.2003
4/21/2020,513.9709
4/20/2020,514.6801
4/17/2020,515.3022
4/16/2020,514.9951
4/15/2020,515.3392
4/14/2020,515.1297
4/13/2020,513.5991
4/10/2020,512.4616
4/9/2020,512.4361
4/8/2020,508.6688
4/7/2020,508.1802
4/6/2020,506.9536
4/3/2020,508.0991
4/2/2020,509.2771
4/1/2020,510.5404
3/31/2020,509.9988
3/30/2020,511.474
3/27/2020,510.4101
3/26/2020,506.7601
3/25/2020,499.2641
3/24/2020,498.2149
3/23/2020,496.8553
3/20/2020,494.7105
3/19/2020,491.7119
3/18/2020,495.598
3/17/2020,506.6228
3/16/2020,515.3382
3/13/2020,514.0993
3/12/2020,519.6413
3/11/2020,528.2103
3/10/2020,531.5222
3/9/2020,538.9731
3/6/2020,534.5859
3/5/2020,528.5738
3/4/2020,526.9108
3/3/2020,526.1759
3/2/2020,524.019
2/28/2020,521.688
2/27/2020,518.3495
2/26/2020,516.8015
2/25/2020,517.6144
2/24/2020,516.2031
2/21/2020,514.5616
2/20/2020,512.6436
2/19/2020,512.7928
2/18/2020,514.1407
2/17/2020,513.5594
2/14/2020,513.8022
2/13/2020,513.4794
2/12/2020,513.5717
2/11/2020,514.2931
2/10/2020,514.8619
2/7/2020,514.5674
2/6/2020,513.3907
2/5/2020,513.7101
2/4/2020,515.4651
2/3/2020,517.1526
1/31/2020,518.2026
1/30/2020,516.707
1/29/2020,515.3221
1/28/2020,514.4809
1/27/2020,515.6337
1/24/2020,513.916
1/23/2020,513.4721
1/22/2020,512.471
1/21/2020,512.3263
1/20/2020,510.6836
1/17/2020,510.8919
1/16/2020,511.6398
1/15/2020,511.885
1/14/2020,510.7093
1/13/2020,510.4613
1/10/2020,510.9379
1/9/2020,509.965
1/8/2020,510.9523
1/7/2020,511.9721
1/6/2020,513.3474
1/3/2020,513.3938
1/2/2020,512.3369
12/31/2019,511.6712
12/30/2019,510.9252
12/27/2019,510.6635
12/26/2019,508.8001
12/25/2019,508.8473
12/24/2019,508.6799
12/23/2019,508.1707
12/20/2019,508.5332
12/19/2019,508.9612
12/18/2019,508.9745
12/17/2019,510.1273
12/16/2019,509.9438
12/13/2019,510.8227
12/12/2019,508.5532
12/11/2019,510.0889
12/10/2019,509.384
12/9/2019,509.1526
12/6/2019,508.357
12/5/2019,509.4392
12/4/2019,509.6006
12/3/2019,510.4316
12/2/2019,507.7692
11/29/2019,508.7047
11/28/2019,508.4599
11/27/2019,508.6233
11/26/2019,509.1519
11/25/2019,508.5148
11/22/2019,508.5878
11/21/2019,509.2571
11/20/2019,509.6183
11/19/2019,509.3162
11/18/2019,509.0492
11/15/2019,508.0055
11/14/2019,507.5225
11/13/2019,506.4411
11/12/2019,505.3063
11/11/2019,505.5027
11/8/2019,505.4205
11/7/2019,506.042
11/6/2019,508.5848
11/5/2019,508.1035
11/4/2019,511.0126
11/1/2019,512.4097
10/31/2019,512.5915
10/30/2019,509.3415
10/29/2019,508.7274
10/28/2019,508.0721
10/25/2019,509.4625
10/24/2019,510.3962
10/23/2019,510.213
10/22/2019,510.1345
10/21/2019,509.6642
10/18/2019,510.319
10/17/2019,509.8869
10/16/2019,508.8316
10/15/2019,508.6062
10/14/2019,508.9269
10/11/2019,508.7718
10/10/2019,509.751
10/9/2019,511.1154
10/8/2019,512.0402
10/7/2019,512.623
10/4/2019,513.0557
10/3/2019,512.7702
10/2/2019,510.175
10/1/2019,509.0897
9/30/2019,509.2007
9/27/2019,509.7306
9/26/2019,509.9129
9/25/2019,509.6049
9/24/2019,511.886
9/23/2019,510.7319
9/20/2019,509.2255
9/19/2019,509.3803
9/18/2019,508.7137
9/17/2019,507.5328
9/16/2019,506.8869
9/13/2019,506.6721
9/12/2019,508.6406
9/11/2019,508.7889
9/10/2019,509.9557
9/9/2019,511.977
9/6/2019,513.6817
9/5/2019,512.5956
9/4/2019,515.3751
9/3/2019,514.7697
9/2/2019,513.5329
8/30/2019,514.4333
8/29/2019,514.8742
8/28/2019,515.8996
8/27/2019,515.463
8/26/2019,514.1783
8/23/2019,514.1447
8/22/2019,512.2655
8/21/2019,513.2792
8/20/2019,513.466
8/19/2019,512.4882
8/16/2019,514.0519
8/15/2019,514.7637
8/14/2019,513.5523
8/13/2019,511.7882
8/12/2019,513.1366
8/9/2019,511.3659
8/8/2019,511.1306
8/7/2019,512.4631
8/6/2019,510.1251
8/5/2019,510.0874
8/2/2019,507.1935
8/1/2019,504.794
7/31/2019,504.1809
7/30/2019,503.0906
7/29/2019,503.1125
7/26/2019,503.0467
7/25/2019,503.826
7/24/2019,504.463
7/23/2019,503.5711
7/22/2019,504.8808
7/19/2019,504.6519
7/18/2019,504.4382
7/17/2019,503.5834
7/16/2019,502.3201
7/15/2019,503.2827
7/12/2019,502.4014
7/11/2019,502.3385
7/10/2019,502.9167
7/9/2019,502.6107
7/8/2019,503.4332
7/5/2019,503.5131
7/4/2019,506.5629
7/3/2019,506.4321
7/2/2019,504.9447
7/1/2019,504.3752
6/28/2019,505.5858
6/27/2019,504.7363
6/26/2019,504.3838
6/25/2019,505.9553
6/24/2019,505.2392
6/21/2019,503.2036
6/20/2019,504.2544
6/19/2019,500.7899
6/18/2019,499.7216
6/17/2019,498.5076
6/14/2019,498.8569
6/13/2019,499.2968
6/12/2019,499.4354
6/11/2019,499.2062
6/10/2019,499.0456
6/7/2019,500.5582
6/6/2019,498.5106
6/5/2019,498.1817
6/4/2019,496.8844
6/3/2019,496.5221
5/31/2019,494.6193
5/30/2019,492.0876
5/29/2019,492.5004
5/28/2019,492.2292
5/27/2019,491.7674
5/24/2019,491.9008
5/23/2019,490.9514
5/22/2019,489.2172
5/21/2019,488.942
5/20/2019,489.4526
5/17/2019,489.7952
5/16/2019,490.0736
5/15/2019,490.8703
5/14/2019,490.257
5/13/2019,491.1037
5/10/2019,490.3419
5/9/2019,490.0792
5/8/2019,489.42
5/7/2019,489.4497
5/6/2019,488.3299
5/3/2019,487.7703
5/2/2019,487.0868
5/1/2019,488.8044
4/30/2019,488.0109
4/29/2019,486.7951
4/26/2019,487.2946
4/25/2019,486.3025
4/24/2019,487.2149
4/23/2019,486.0967
4/22/2019,486.6255
4/19/2019,486.9907
4/18/2019,487.0692
4/17/2019,486.8262
4/16/2019,487.0945
4/15/2019,487.7588
4/12/2019,487.8967
4/11/2019,488.724
4/10/2019,489.2303
4/9/2019,488.6029
4/8/2019,487.8833
4/5/2019,487.1041
4/4/2019,487.1913
4/3/2019,487.4283
4/2/2019,487.6044
4/1/2019,487.9164
3/29/2019,489.4602
3/28/2019,489.9807
3/27/2019,490.6091
3/26/2019,490.0748
3/25/2019,490.9115
3/22/2019,490.1083
3/21/2019,488.1873
3/20/2019,487.066
3/19/2019,486.2579
3/18/2019,486.0477
3/15/2019,485.4767
3/14/2019,484.6479
3/13/2019,485.1911
3/12/2019,484.4679
3/11/2019,483.398
3/8/2019,483.4036
3/7/2019,483.1097
3/6/2019,482.662
3/5/2019,481.5663
3/4/2019,481.8395
3/1/2019,482.215
2/28/2019,483.4082
2/27/2019,484.0353
2/26/2019,484.7054
2/25/2019,483.9493
2/22/2019,483.9318
2/21/2019,483.4003
2/20/2019,484.0151
2/19/2019,483.801
2/18/2019,482.8953
2/15/2019,482.1927
2/14/2019,482.0007
2/13/2019,481.6461
2/12/2019,482.13
2/11/2019,482.2422
2/8/2019,483.8571
2/7/2019,483.7439
2/6/2019,483.5088
2/5/2019,483.7814
2/4/2019,483.5224
2/1/2019,484.99
1/31/2019,486.2068
1/30/2019,483.3393
1/29/2019,483.1108
1/28/2019,482.9563
1/25/2019,482.0625
1/24/2019,481.5119
1/23/2019,480.6898
1/22/2019,480.3982
1/21/2019,479.4932
1/18/2019,479.5077
1/17/2019,480.2966
1/16/2019,480.7738
1/15/2019,481.4301
1/14/2019,481.9055
1/11/2019,481.7176
1/10/2019,481.7554
1/9/2019,481.5319
1/8/2019,480.1381
1/7/2019,481.2427
1/4/2019,480.9003
1/3/2019,481.8036
1/2/2019,478.896
12/31/2018,478.9153
12/28/2018,477.7769
12/27/2018,476.8359
12/26/2018,476.9565
12/25/2018,477.3449
12/24/2018,477.1491
12/21/2018,476.1042
12/20/2018,476.3024
12/19/2018,476.1489
12/18/2018,474.4909
12/17/2018,473.2442
12/14/2018,472.0154
12/13/2018,472.0351
12/12/2018,472.5545
12/11/2018,472.0004
12/10/2018,473.1414
12/7/2018,473.5227
12/6/2018,473.339
12/5/2018,471.7748
12/4/2018,472.1748
12/3/2018,470.5271
11/30/2018,469.4245
11/29/2018,470.2915
11/28/2018,467.8359
11/27/2018,468.1805
11/26/2018,468.9307
11/23/2018,469.5319
11/22/2018,469.8444
11/21/2018,469.4248
11/20/2018,469.899
11/19/2018,470.7523
11/16/2018,469.8268
11/15/2018,468.0497
11/14/2018,467.5994
11/13/2018,467.1278
11/12/2018,466.586
11/9/2018,467.9583
11/8/2018,468.4102
11/7/2018,469.6197
11/6/2018,468.6349
11/5/2018,468.6788
11/2/2018,468.1315
11/1/2018,469.3286
10/31/2018,467.9611
10/30/2018,468.969
10/29/2018,470.1202
10/26/2018,470.8234
10/25/2018,469.2303
10/24/2018,469.499
10/23/2018,469.8927
10/22/2018,469.0925
10/19/2018,469.5249
10/18/2018,469.9348
10/17/2018,471.0466
10/16/2018,471.692
10/15/2018,471.5109
10/12/2018,471.0905
10/11/2018,470.9419
10/10/2018,469.2764
10/9/2018,468.4447
10/8/2018,468.2465
10/5/2018,468.3003
10/4/2018,469.2029
10/3/2018,470.5799
10/2/2018,472.3338
10/1/2018,472.2264
9/28/2018,473.2476
9/27/2018,474.085
9/26/2018,474.986
9/25/2018,474.7219
9/24/2018,475.506
9/21/2018,475.7063
9/20/2018,475.5828
9/19/2018,474.3057
9/18/2018,475.1969
9/17/2018,475.9376
9/14/2018,475.4138
9/13/2018,476.1824
9/12/2018,475.8339
9/11/2018,474.6688
9/10/2018,475.7536
9/7/2018,475.3188
9/6/2018,476.9066
9/5/2018,475.6934
9/4/2018,475.0545
9/3/2018,476.9733
8/31/2018,477.3626
8/30/2018,477.1919
8/29/2018,476.9748
8/28/2018,477.6735
8/27/2018,477.4566
8/24/2018,477.3262
8/23/2018,476.7504
8/22/2018,477.8228
8/21/2018,476.8428
8/20/2018,475.8826
8/17/2018,474.7163
8/16/2018,474.1372
8/15/2018,473.4372
8/14/2018,473.5753
8/13/2018,474.2843
8/10/2018,475.0492
8/9/2018,475.7249
8/8/2018,475.6205
8/7/2018,475.4412
8/6/2018,475.354
8/3/2018,475.5552
8/2/2018,474.7979
8/1/2018,475.2855
7/31/2018,476.8624
7/30/2018,476.972
7/27/2018,476.852
7/26/2018,476.8212
7/25/2018,477.5149
7/24/2018,477.3211
7/23/2018,476.6843
7/20/2018,477.8044
7/19/2018,476.5427
7/18/2018,476.7224
7/17/2018,477.5105
7/16/2018,477.9756
7/13/2018,477.8768
7/12/2018,477.609
7/11/2018,478.832
7/10/2018,478.6614
7/9/2018,479.6585
7/6/2018,479.9466
7/5/2018,478.7874
7/4/2018,477.9358
7/3/2018,477.8838
7/2/2018,476.6358
6/29/2018,477.6598
6/28/2018,476.1314
6/27/2018,476.6022
6/26/2018,477.0641
6/25/2018,477.6958
6/22/2018,476.9355
6/21/2018,476.5508
6/20/2018,476.0342
6/19/2018,476.4247
6/18/2018,476.2669
6/15/2018,476.4224
6/14/2018,476.7544
6/13/2018,477.1897
6/12/2018,477.319
6/11/2018,477.769
6/8/2018,477.84
6/7/2018,478.1124
6/6/2018,477.5317
6/5/2018,477.8668
6/4/2018,478.2796
6/1/2018,478.1469
5/31/2018,479.7931
5/30/2018,478.3621
5/29/2018,478.5862
5/28/2018,477.8124
5/25/2018,477.8386
5/24/2018,478.1864
5/23/2018,476.4672
5/22/2018,475.7028
5/21/2018,475.1567
5/18/2018,475.8816
5/17/2018,475.4707
5/16/2018,476.2707
5/15/2018,477.2541
5/14/2018,480.8114
5/11/2018,481.117
5/10/2018,479.8789
5/9/2018,479.0849
5/8/2018,479.5899
5/7/2018,481.1617
5/4/2018,481.2526
5/3/2018,481.6919
5/2/2018,480.5777
5/1/2018,481.3556
4/30/2018,483.4603
4/27/2018,483.6274
4/26/2018,482.9567
4/25/2018,482.9298
4/24/2018,484.2531
4/23/2018,485.0536
4/20/2018,487.1324
4/19/2018,489.6231
4/18/2018,491.1374
4/17/2018,491.5766
4/16/2018,491.312
4/13/2018,490.6302
4/12/2018,490.5831
4/11/2018,492.4578
4/10/2018,491.1384
4/9/2018,490.8767
4/6/2018,490.1544
4/5/2018,488.6648
4/4/2018,491.0568
4/3/2018,490.688
4/2/2018,491.7352
3/30/2018,491.33
3/29/2018,491.3567
3/28/2018,491.5671
3/27/2018,492.2391
3/26/2018,492.5075
3/23/2018,491.7777
3/22/2018,490.7492
3/21/2018,487.9799
3/20/2018,488.2325
3/19/2018,489.8298
3/16/2018,488.805
3/15/2018,489.5393
3/14/2018,490.0053
3/13/2018,489.4608
3/12/2018,488.2593
3/9/2018,487.3794
3/8/2018,488.4201
3/7/2018,488.9784
3/6/2018,488.8361
3/5/2018,488.1695
3/2/2018,488.331
3/1/2018,486.3173
2/28/2018,486.1554
2/27/2018,485.6445
2/26/2018,487.4655
2/23/2018,487.5038
2/22/2018,486.5568
2/21/2018,485.8814
2/20/2018,487.0179
2/19/2018,488.3508
2/16/2018,489.6281
2/15/2018,488.9776
2/14/2018,487.2347
2/13/2018,486.7431
2/12/2018,485.0043
2/9/2018,484.7485
2/8/2018,484.6396
2/7/2018,485.7454
2/6/2018,487.2055
2/5/2018,487.2256
2/2/2018,486.9252
2/1/2018,489.757
1/31/2018,490.5078
1/30/2018,489.6726
1/29/2018,489.2632
1/26/2018,491.3893
1/25/2018,492.866
1/24/2018,490.4864
1/23/2018,488.6689
1/22/2018,487.2227
1/19/2018,486.921
1/18/2018,487.1504
1/17/2018,487.7791
1/16/2018,487.9661
1/15/2018,488.1343
1/12/2018,485.8057
1/11/2018,484.2147
1/10/2018,483.5477
1/9/2018,482.4828
1/8/2018,483.9385
1/5/2018,484.2558
1/4/2018,485.0252
1/3/2018,484.6262
1/2/2018,484.5562
12/29/2017,484.7313
12/28/2017,483.3046
12/27/2017,482.7924
12/26/2017,481.0666
12/25/2017,480.6388
12/22/2017,480.5906
12/21/2017,480.6802
12/20/2017,480.8781
12/19/2017,481.0877
12/18/2017,483.1712
12/15/2017,482.5277
12/14/2017,482.7336
12/13/2017,481.8168
12/12/2017,480.3093
12/11/2017,481.6414
12/8/2017,480.852
12/7/2017,481.9914
12/6/2017,482.8203
12/5/2017,482.6474
12/4/2017,482.5219
12/1/2017,483.1435
11/30/2017,483.0576
11/29/2017,482.2822
11/28/2017,483.3671
11/27/2017,484.4231
11/24/2017,484.1248
11/23/2017,483.4522
11/22/2017,482.4124
11/21/2017,480.3637
11/20/2017,480.1205
11/17/2017,480.3809
11/16/2017,479.6962
11/15/2017,479.8691
11/14/2017,478.4154
11/13/2017,477.1835
11/10/2017,477.6617
11/9/2017,478.0005
11/8/2017,478.427
11/7/2017,478.1868
11/6/2017,477.8821
11/3/2017,477.3245
11/2/2017,478.204
11/1/2017,477.1207
10/31/2017,477.752
10/30/2017,477.5862
10/27/2017,475.3124
10/26/2017,476.0441
10/25/2017,477.4239
10/24/2017,477.148
10/23/2017,477.9781
10/20/2017,478.2015
10/19/2017,480.9336
10/18/2017,479.3782
10/17/2017,480.1354
10/16/2017,481.091
10/13/2017,481.4125
10/12/2017,480.067
10/11/2017,479.617
10/10/2017,479.6054
10/9/2017,477.6662
10/6/2017,477.1737
10/5/2017,477.6643
10/4/2017,478.6356
10/3/2017,478.2844
10/2/2017,478.2394
9/29/2017,479.5665
9/28/2017,478.8218
9/27/2017,478.4765
9/26/2017,480.5813
9/25/2017,482.5304
9/22/2017,482.7848
9/21/2017,481.6082
9/20/2017,483.621
9/19/2017,483.3446
9/18/2017,483.1876
9/15/2017,484.0585
9/14/2017,483.0991
9/13/2017,483.7333
9/12/2017,485.0551
9/11/2017,487.1727
9/8/2017,489.2351
9/7/2017,488.7231
9/6/2017,486.5538
9/5/2017,486.6727
9/4/2017,484.4369
9/1/2017,483.5568
8/31/2017,483.9256
8/30/2017,483.7137
8/29/2017,486.5625
8/28/2017,483.8018
8/25/2017,483.545
8/24/2017,482.2187
8/23/2017,482.6578
8/22/2017,481.292
8/21/2017,482.9284
8/18/2017,481.7055
8/17/2017,480.5666
8/16/2017,479.0089
8/15/2017,478.8272
8/14/2017,481.3625
8/11/2017,481.8518
8/10/2017,480.9676
8/9/2017,480.0857
8/8/2017,478.6701
8/7/2017,479.8282
8/4/2017,479.121
8/3/2017,481.9366
8/2/2017,480.878
8/1/2017,480.7408
7/31/2017,479.1785
7/28/2017,478.3136
7/27/2017,476.783
7/26/2017,475.9422
7/25/2017,476.0251
7/24/2017,477.6552
7/21/2017,477.7639
7/20/2017,476.2512
7/19/2017,475.0504
7/18/2017,475.3047
7/17/2017,472.4878
7/14/2017,471.8371
7/13/2017,470.04
7/12/2017,470.4729
7/11/2017,468.2045
7/10/2017,468.2762
7/7/2017,467.756
7/6/2017,468.9149
7/5/2017,469.1902
7/4/2017,469.5076
7/3/2017,469.5328
6/30/2017,471.2553
6/29/2017,472.0236
6/28/2017,472.7661
6/27/2017,471.9443
6/26/2017,472.796
6/23/2017,472.5923
6/22/2017,471.8474
6/21/2017,471.293
6/20/2017,470.9039
6/19/2017,471.3986
6/16/2017,472.3949
6/15/2017,471.646
6/14/2017,475.2388
6/13/2017,472.0689
6/12/2017,471.9396
6/9/2017,471.1594
6/8/2017,472.2309
6/7/2017,473.5998
6/6/2017,473.8157
6/5/2017,472.1562
6/2/2017,472.3699
6/1/2017,470.5491
5/31/2017,471.6692
5/30/2017,470.4072
5/29/2017,469.664
5/26/2017,469.7129
5/25/2017,469.547
5/24/2017,468.571
5/23/2017,469.5991
5/22/2017,470.1335
5/19/2017,469.2205
5/18/2017,468.6972
5/17/2017,468.8578
5/16/2017,465.2507
5/15/2017,463.2954
5/12/2017,462.9301
5/11/2017,460.838
5/10/2017,460.8293
5/9/2017,460.7707
5/8/2017,462.7584
5/5/2017,463.8958
5/4/2017,463.2525
5/3/2017,463.9348
5/2/2017,464.0443
5/1/2017,464.3188
4/28/2017,464.4815
4/27/2017,464.1774
4/26/2017,463.4999
4/25/2017,464.4018
4/24/2017,465.3356
4/21/2017,464.396
4/20/2017,465.2455
4/19/2017,465.3775
4/18/2017,465.7677
4/17/2017,464.0689
4/14/2017,463.4894
4/13/2017,463.4017
4/12/2017,462.0967
4/11/2017,461.7165
4/10/2017,459.3192
4/7/2017,459.692
4/6/2017,460.2706
4/5/2017,459.923
4/4/2017,460.4436
4/3/2017,459.9534
3/31/2017,459.3044
3/30/2017,459.8636
3/29/2017,460.1979
3/28/2017,461.6485
3/27/2017,462.0172
3/24/2017,460.0817
3/23/2017,459.5674
3/22/2017,459.988
3/21/2017,458.5283
3/20/2017,456.7125
3/17/2017,455.9895
3/16/2017,455.4165
3/15/2017,452.6923
3/14/2017,451.2138
3/13/2017,451.3048
3/10/2017,450.8889
3/9/2017,450.3559
3/8/2017,451.3871
3/7/2017,453.4359
3/6/2017,454.0115
3/3/2017,453.031
3/2/2017,452.9148
3/1/2017,454.3167
2/28/2017,458.5996
2/27/2017,458.2317
2/24/2017,457.9365
2/23/2017,456.6924
2/22/2017,454.3409
2/21/2017,453.6028
2/20/2017,455.1535
2/17/2017,455.3888
2/16/2017,455.3099
2/15/2017,452.1708
2/14/2017,452.7071
2/13/2017,454.0941
2/10/2017,454.7178
2/9/2017,456.0426
2/8/2017,457.6687
2/7/2017,455.8376
2/6/2017,455.9965
2/3/2017,456.0482
2/2/2017,456.4589
2/1/2017,454.6625
1/31/2017,456.4424
1/30/2017,453.6275
1/27/2017,452.9716
1/26/2017,452.311
1/25/2017,454.2552
1/24/2017,455.7355
1/23/2017,456.3374
1/20/2017,452.4924
1/19/2017,451.9063
1/18/2017,455.8461
1/17/2017,457.0817
1/16/2017,453.6642
1/13/2017,453.4327
1/12/2017,455.0898
1/11/2017,450.3213
1/10/2017,452.5786
1/9/2017,451.2168
1/6/2017,451.2591
1/5/2017,453.2239
1/4/2017,449.2481
1/3/2017,447.6795
12/30/2016,451.3539
12/29/2016,450.2676
12/28/2016,447.4896
12/27/2016,447.3991
12/26/2016,447.898
12/23/2016,447.943
12/22/2016,447.5022
12/21/2016,447.5361
12/20/2016,445.9816
12/19/2016,447.6256
12/16/2016,445.2187
12/15/2016,444.9332
12/14/2016,452.3371
12/13/2016,451.7514
12/12/2016,450.704
12/9/2016,450.58
12/8/2016,452.9879
12/7/2016,455.9841
12/6/2016,454.5506
12/5/2016,454.3799
12/2/2016,454.1503
12/1/2016,452.0236
11/30/2016,453.4371
11/29/2016,455.1626
11/28/2016,454.723
11/25/2016,453.1416
11/24/2016,452.5491
11/23/2016,452.2243
11/22/2016,455.1067
11/21/2016,455.3825
11/18/2016,454.4528
11/17/2016,458.225
11/16/2016,458.457
11/15/2016,459.6123
11/14/2016,459.3821
11/11/2016,464.7749
11/10/2016,465.7588
11/9/2016,470.4136
11/8/2016,473.6363
11/7/2016,474.0615
11/4/2016,477.0822
11/3/2016,475.9575
11/2/2016,476.1862
11/1/2016,473.3608
10/31/2016,472.1983
10/28/2016,471.0249
10/27/2016,471.5582
10/26/2016,473.7498
10/25/2016,473.7454
10/24/2016,474.2674
10/21/2016,474.7669
10/20/2016,475.449
10/19/2016,476.5575
10/18/2016,475.7328
10/17/2016,475.0127
10/14/2016,474.735
10/13/2016,476.3777
10/12/2016,474.8762
10/11/2016,476.2978
10/10/2016,478.1027
10/7/2016,479.0482
10/6/2016,478.9593
10/5/2016,480.3803
10/4/2016,481.8406
10/3/2016,484.6308
9/30/2016,485.6783
9/29/2016,485.9602
9/28/2016,486.3677
9/27/2016,486.6034
9/26/2016,486.6511
9/23/2016,485.092
9/22/2016,485.6533
9/21/2016,482.3622
9/20/2016,481.7356
9/19/2016,481.2744
9/16/2016,480.5155
9/15/2016,481.4378
9/14/2016,481.3302
9/13/2016,481.3124
9/12/2016,482.4663
9/9/2016,482.1501
9/8/2016,486.1385
9/7/2016,487.6553
9/6/2016,486.5722
9/5/2016,482.7748
9/2/2016,481.9552
9/1/2016,483.8085
8/31/2016,483.0188
8/30/2016,484.0945
8/29/2016,486.6115
8/26/2016,487.7594
8/25/2016,488.0774
8/24/2016,487.9986
8/23/2016,489.499
8/22/2016,488.8357
8/19/2016,488.158
8/18/2016,489.384
8/17/2016,487.5543
8/16/2016,487.0466
8/15/2016,486.2033
8/12/2016,486.8019
8/11/2016,485.8817
8/10/2016,486.4904
8/9/2016,483.9428
8/8/2016,481.9862
8/5/2016,482.4602
8/4/2016,484.7597
8/3/2016,483.9898
8/2/2016,485.0106
8/1/2016,484.3329
7/29/2016,485.3764
7/28/2016,481.1262
7/27/2016,479.1191
7/26/2016,478.6737
7/25/2016,477.3512
7/22/2016,477.0661
7/21/2016,477.4692
7/20/2016,477.3424
7/19/2016,477.9747
7/18/2016,479.0524
7/15/2016,478.8678
7/14/2016,481.2456
7/13/2016,482.8286
7/12/2016,481.073
7/11/2016,483.1448
7/8/2016,485.2697
7/7/2016,484.9061
7/6/2016,484.5308
7/5/2016,484.8606
7/4/2016,483.4769
7/1/2016,483.0124
6/30/2016,481.7451
6/29/2016,481.6349
6/28/2016,480.0509
6/27/2016,478.9731
6/24/2016,479.3002
6/23/2016,478.9164
6/22/2016,478.9683
6/21/2016,478.8859
6/20/2016,480.0727
6/17/2016,478.8214
6/16/2016,478.5634
6/15/2016,477.9008
6/14/2016,476.8624
6/13/2016,477.843
6/10/2016,477.4577
6/9/2016,477.8736
6/8/2016,478.0278
6/7/2016,476.6699
6/6/2016,475.8285
6/3/2016,475.8629
6/2/2016,470.5515
6/1/2016,469.3842
5/31/2016,468.0762
5/30/2016,467.7988
5/27/2016,468.8837
5/26/2016,469.857
5/25/2016,468.0531
5/24/2016,467.9766
5/23/2016,468.4403
5/20/2016,467.9001
5/19/2016,468.199
5/18/2016,469.4317
5/17/2016,472.1391
5/16/2016,471.8584
5/13/2016,471.7784
5/12/2016,473.1778
5/11/2016,474.0595
5/10/2016,472.8771
5/9/2016,473.2772
5/6/2016,474.898
5/5/2016,474.2688
5/4/2016,475.0912
5/3/2016,476.3753
5/2/2016,474.6457
4/29/2016,474.4409
4/28/2016,471.4193
4/27/2016,468.2286
4/26/2016,468.0046
4/25/2016,467.7127
4/22/2016,467.6254
4/21/2016,469.9721
4/20/2016,471.6571
4/19/2016,472.1048
4/18/2016,471.5339
4/15/2016,471.2235
4/14/2016,469.8001
4/13/2016,470.4347
4/12/2016,471.367
4/11/2016,473.423
4/8/2016,472.1428
4/7/2016,472.1345
4/6/2016,469.7421
4/5/2016,469.9443
4/4/2016,469.345
4/1/2016,467.4492
3/31/2016,468.2131
3/30/2016,467.4253
3/29/2016,464.1674
3/28/2016,462.6506
3/25/2016,462.74
3/24/2016,462.6797
3/23/2016,463.4174
3/22/2016,464.4123
3/21/2016,465.0435
3/18/2016,466.2576
3/17/2016,465.4957
3/16/2016,458.4457
3/15/2016,458.8561
3/14/2016,458.9566
3/11/2016,458.8468
3/10/2016,458.2869
3/9/2016,457.7382
3/8/2016,460.2253
3/7/2016,456.9777
3/4/2016,456.6786
3/3/2016,456.3111
3/2/2016,454.0442
3/1/2016,454.6309
2/29/2016,455.8935
2/26/2016,454.8253
2/25/2016,457.6641
2/24/2016,457.7168
2/23/2016,456.8717
2/22/2016,456.2278
2/19/2016,456.7666
2/18/2016,456.254
2/17/2016,454.7666
2/16/2016,455.3122
2/15/2016,455.0834
2/12/2016,457.227
2/11/2016,460.882
2/10/2016,456.927
2/9/2016,458.0113
2/8/2016,455.3207
2/5/2016,453.4724
2/4/2016,453.9299
2/3/2016,451.8201
2/2/2016,447.9332
2/1/2016,446.6552
1/29/2016,445.963
1/28/2016,447.0129
1/27/2016,445.6542
1/26/2016,445.5497
1/25/2016,444.6298
1/22/2016,444.4301
1/21/2016,444.7128
1/20/2016,446.0996
1/19/2016,444.8395
1/18/2016,445.1871
1/15/2016,446.4516
1/14/2016,444.0124
1/13/2016,444.9954
1/12/2016,444.2314
1/11/2016,444.6592
1/8/2016,445.4619
1/7/2016,444.1226
1/6/2016,443.1985
1/5/2016,441.7777
1/4/2016,442.5053
12/31/2015,442.1315
12/30/2015,442.2603
12/29/2015,442.2482
12/28/2015,443.7965
12/25/2015,443.5551
12/24/2015,443.5545
12/23/2015,441.8495
12/22/2015,443.2502
12/21/2015,443.5199
12/18/2015,442.5603
12/17/2015,440.8028
12/16/2015,441.6826
12/15/2015,441.8594
12/14/2015,444.7047
12/11/2015,445.636
12/10/2015,443.9336
12/9/2015,444.1111
12/8/2015,442.3315
12/7/2015,442.2741
12/4/2015,441.7214
12/3/2015,440.7691
12/2/2015,440.5021
12/1/2015,441.4382
11/30/2015,439.7938
11/27/2015,440.4061
11/26/2015,440.8312
11/25/2015,440.2298
11/24/2015,440.481
11/23/2015,439.7447
11/20/2015,440.8385
11/19/2015,441.64
11/18/2015,439.2563
11/17/2015,439.1658
11/16/2015,439.8074
11/13/2015,439.881
11/12/2015,439.4896
11/11/2015,439.1989
11/10/2015,438.328
11/9/2015,438.0615
11/6/2015,438.4448
11/5/2015,442.7575
11/4/2015,443.233
11/3/2015,444.8367
11/2/2015,446.4293
10/30/2015,447.1977
10/29/2015,445.3036
10/28/2015,448.6353
10/27/2015,449.1101
10/26/2015,448.1727
10/23/2015,447.393
10/22/2015,449.748
10/21/2015,451.3023
10/20/2015,450.5707
10/19/2015,451.3406
10/16/2015,452.3971
10/15/2015,452.8863
10/14/2015,453.1285
10/13/2015,450.5264
10/12/2015,450.5581
10/9/2015,449.6643
10/8/2015,448.7924
10/7/2015,448.697
10/6/2015,448.5671
10/5/2015,447.6491
10/2/2015,449.6078
10/1/2015,447.5359
9/30/2015,446.2552
9/29/2015,446.6875
9/28/2015,446.3627
9/25/2015,444.796
9/24/2015,448.0724
9/23/2015,445.5638
9/22/2015,446.3604
9/21/2015,445.7496
9/18/2015,449.5957
9/17/2015,446.0245
9/16/2015,445.0309
9/15/2015,444.8695
9/14/2015,446.8631
9/11/2015,446.4522
9/10/2015,445.1648
9/9/2015,444.7601
9/8/2015,445.4051
9/7/2015,445.5924
9/4/2015,445.2765
9/3/2015,443.7037
9/2/2015,444.428
9/1/2015,445.3833
8/31/2015,443.9924
8/28/2015,444.7786
8/27/2015,444.8871
8/26/2015,447.8501
8/25/2015,448.1979
8/24/2015,453.1948
8/21/2015,448.2398
8/20/2015,446.1812
8/19/2015,443.5281
8/18/2015,442.6917
8/17/2015,443.6572
8/14/2015,443.545
8/13/2015,443.8559
8/12/2015,445.9009
8/11/2015,443.3757
8/10/2015,441.4586
8/7/2015,441.7091
8/6/2015,440.2211
8/5/2015,439.3377
8/4/2015,442.4568
8/3/2015,443.0376
7/31/2015,443.4764
7/30/2015,440.8875
7/29/2015,442.1868
7/28/2015,442.4552
7/27/2015,443.5573
7/24/2015,441.3035
7/23/2015,440.9076
7/22/2015,439.7815
7/21/2015,439.7507
7/20/2015,438.6191
7/17/2015,438.8739
7/16/2015,438.7952
7/15/2015,439.2779
7/14/2015,439.2163
7/13/2015,438.7611
7/10/2015,440.8993
7/9/2015,441.9061
7/8/2015,443.443
7/7/2015,441.1482
7/6/2015,441.423
7/3/2015,440.6946
7/2/2015,440.0089
7/1/2015,440.3397
6/30/2015,442.485
6/29/2015,442.1379
6/26/2015,439.7314
6/25/2015,441.641
6/24/2015,441.4628
6/23/2015,441.4296
6/22/2015,444.823
6/19/2015,445.6279
6/18/2015,445.332
6/17/2015,442.2161
6/16/2015,442.4678
6/15/2015,442.0653
6/12/2015,442.6189
6/11/2015,441.6343
6/10/2015,441.561
6/9/2015,440.5017
6/8/2015,440.04
6/5/2015,438.8867
6/4/2015,442.9268
6/3/2015,442.4974
6/2/2015,443.2151
6/1/2015,442.0189
5/29/2015,444.4316
5/28/2015,443.1552
5/27/2015,443.0056
5/26/2015,443.5974
5/25/2015,445.3592
5/22/2015,445.3766
5/21/2015,447.2028
5/20/2015,446.311
5/19/2015,446.9813
5/18/2015,450.7386
5/15/2015,453.1458
5/14/2015,450.5915
5/13/2015,449.8982
5/12/2015,448.2983
5/11/2015,448.0756
5/8/2015,450.1226
5/7/2015,449.0465
5/6/2015,450.0579
5/5/2015,448.8439
5/4/2015,450.8621
5/1/2015,451.1086
4/30/2015,452.5223
4/29/2015,453.501
4/28/2015,453.1484
4/27/2015,451.995
4/24/2015,451.7679
4/23/2015,449.9486
4/22/2015,448.6813
4/21/2015,449.8053
4/20/2015,450.4742
4/17/2015,451.2727
4/16/2015,449.9746
4/15/2015,448.3932
4/14/2015,449.3174
4/13/2015,445.9818
4/10/2015,446.6646
4/9/2015,447.1469
4/8/2015,449.7084
4/7/2015,449.9592
4/6/2015,450.7975
4/3/2015,450.5219
4/2/2015,450.0479
4/1/2015,449.0041
3/31/2015,447.7604
3/30/2015,448.1121
3/27/2015,449.6165
3/26/2015,449.6975
3/25/2015,451.4327
3/24/2015,450.3993
3/23/2015,450.3513
3/20/2015,448.3908
3/19/2015,445.0231
3/18/2015,444.5856
3/17/2015,442.2709
3/16/2015,442.0288
3/13/2015,441.1022
3/12/2015,442.8786
3/11/2015,441.7809
3/10/2015,442.9397
3/9/2015,443.5955
3/6/2015,443.2629
3/5/2015,447.6152
3/4/2015,448.0189
3/3/2015,449.7471
3/2/2015,450.2848
2/27/2015,452.1183
2/26/2015,452.0495
2/25/2015,454.2561
2/24/2015,452.7851
2/23/2015,452.1333
2/20/2015,451.575
2/19/2015,451.6786
2/18/2015,451.409
2/17/2015,451.3523
2/16/2015,452.7181
2/13/2015,452.9675
2/12/2015,452.5661
2/11/2015,450.3554
2/10/2015,451.4557
2/9/2015,452.9493
2/6/2015,453.0467
2/5/2015,456.3415
2/4/2015,455.9785
2/3/2015,456.5171
2/2/2015,456.7804
1/30/2015,455.8092
1/29/2015,454.9329
1/28/2015,455.9706
1/27/2015,456.0836
1/26/2015,453.6292
1/23/2015,454.1833
1/22/2015,454.5694
1/21/2015,456.9202
1/20/2015,457.2412
1/19/2015,458.3619
1/16/2015,456.6238
1/15/2015,458.1975
1/14/2015,459.2567
1/13/2015,457.1202
1/12/2015,456.9791
1/9/2015,456.3424
1/8/2015,454.7009
1/7/2015,455.1824
1/6/2015,457.3734
1/5/2015,455.639
1/2/2015,455.936
12/31/2014,456.5313
12/30/2014,457.1887
12/29/2014,456.0563
12/26/2014,455.331
12/25/2014,455.1942
12/24/2014,455.0804
12/23/2014,454.7603
12/22/2014,457.1478
12/19/2014,457.065
12/18/2014,457.1502
12/17/2014,459.6174
12/16/2014,461.5063
12/15/2014,459.2225
12/12/2014,460.105
12/11/2014,457.8362
12/10/2014,458.7923
12/9/2014,458.4728
12/8/2014,455.1574
12/5/2014,454.3267
