Date,Last Price,Volume
12/4/2024,136.73,1005265
12/3/2024,136.81,1475133
12/2/2024,137.04,1360783
11/29/2024,136.41,1381715
11/28/2024,136,812083
11/27/2024,135.6,1369225
11/26/2024,135.2,1048094
11/25/2024,135.24,1086463
11/22/2024,134.74,1246179
11/21/2024,134.11,1155768
11/20/2024,133.71,987910
11/19/2024,133.96,1267913
11/18/2024,133.57,823054
11/15/2024,133.83,937479
11/14/2024,133.77,1077146
11/13/2024,133.46,1171307
11/12/2024,133.92,1006470
11/11/2024,134.14,696111
11/8/2024,133.71,996987
11/7/2024,133.05,1599903
11/6/2024,133.36,1620587
11/5/2024,133.08,1013007
11/4/2024,133.43,934195
11/1/2024,133.27,1121297
10/31/2024,133.43,1860968
10/30/2024,133.6,1632594
10/29/2024,134.14,1086815
10/28/2024,134.65,957100
10/25/2024,134.73,937983
10/24/2024,135.14,1226791
10/23/2024,134.34,1200170
10/22/2024,134.46,1367293
10/21/2024,134.79,1154139
10/18/2024,135.82,895826
10/17/2024,135.47,1186612
10/16/2024,135.83,926447
10/15/2024,135.38,983584
10/14/2024,134.77,608415
10/11/2024,134.78,895994
10/10/2024,134.92,1040934
10/9/2024,135.04,852977
10/8/2024,135.08,992127
10/7/2024,135.07,1033487
10/4/2024,135.55,1228084
10/3/2024,136.43,1193711
10/2/2024,136.77,1131649
10/1/2024,137.51,1476306
9/30/2024,136.55,1271054
9/27/2024,136.44,1189391
9/26/2024,136.12,1209299
9/25/2024,136.07,1032680
9/24/2024,136.58,1275607
9/23/2024,136.13,1214018
9/20/2024,135.56,933186
9/19/2024,135.95,1091561
9/18/2024,135.95,941302
9/17/2024,136.44,941938
9/16/2024,136.67,768417
9/13/2024,136.35,754199
9/12/2024,136.36,1110409
9/11/2024,136.99,1201095
9/10/2024,136.4,998389
9/9/2024,136.19,843304
9/6/2024,136.18,1263635
9/5/2024,135.68,1143350
9/4/2024,135.69,812204
9/3/2024,135.06,1177760
9/2/2024,134.41,801181
8/30/2024,135.03,1107966
8/29/2024,135,1266188
8/28/2024,135.21,773877
8/27/2024,134.99,885263
8/26/2024,135.44,600525
8/23/2024,135.67,643023
8/22/2024,135.37,788636
8/21/2024,135.91,787757
8/20/2024,135.75,701611
8/19/2024,135.27,505866
8/16/2024,135.38,542253
8/15/2024,135.25,603647
8/14/2024,136.21,690667
8/13/2024,136.18,617070
8/12/2024,135.53,493490
8/9/2024,135.7,513278
8/8/2024,135.24,772324
8/7/2024,135.24,974925
8/6/2024,136.15,1107569
8/5/2024,136.31,1435400
8/2/2024,136.34,1398136
8/1/2024,135.58,1047082
7/31/2024,134.85,1046073
7/30/2024,134.5,730865
7/29/2024,134.3,718030
7/26/2024,133.84,821210
7/25/2024,133.76,1102341
7/24/2024,133.46,963072
7/23/2024,133.42,727180
7/22/2024,133.05,583367
7/19/2024,133.22,522547
7/18/2024,133.75,830808
7/17/2024,133.61,737896
7/16/2024,133.5,775393
7/15/2024,133.08,755161
7/12/2024,132.85,658502
7/11/2024,133.18,905446
7/10/2024,132.42,759528
7/9/2024,131.98,851750
7/8/2024,132.4,773647
7/5/2024,132.21,785973
7/4/2024,131.69,499045
7/3/2024,132.07,1052259
7/2/2024,131.5,935068
7/1/2024,131.53,1103097
6/28/2024,132.74,1187538
6/27/2024,133.16,905078
6/26/2024,133.14,824420
6/25/2024,133.63,774663
6/24/2024,133.49,874345
6/21/2024,133.65,987735
6/20/2024,133.36,894372
6/19/2024,133.67,703743
6/18/2024,133.72,953785
6/17/2024,133.55,1093110
6/14/2024,134.19,1793503
6/13/2024,132.45,1209383
6/12/2024,132.22,1283859
6/11/2024,131.28,1643441
6/10/2024,130.77,1020559
6/7/2024,131.34,786692
6/6/2024,132.1,949833
6/5/2024,132.61,934148
6/4/2024,132.26,1259089
6/3/2024,131.76,1498990
5/31/2024,131.1,1642072
5/30/2024,130.94,1082520
5/29/2024,130.82,1293854
5/28/2024,131.78,889592
5/27/2024,132.12,447631
5/24/2024,131.84,825536
5/23/2024,131.5,1216977
5/22/2024,132.31,1041100
5/21/2024,132.6,670686
5/20/2024,132.28,451701
5/17/2024,132.58,698564
5/16/2024,133.34,850257
5/15/2024,133.47,1117542
5/14/2024,132.27,1032531
5/13/2024,132.66,585432
5/10/2024,132.51,606940
5/9/2024,132.78,659311
5/8/2024,133.12,686343
5/7/2024,133.59,791727
5/6/2024,133,481729
5/3/2024,132.65,1016392
5/2/2024,132.15,981552
4/30/2024,131.84,1365196
4/29/2024,132.61,967891
4/26/2024,132.08,1001434
4/25/2024,131.54,1139011
4/24/2024,131.98,1233192
4/23/2024,132.83,1088294
4/22/2024,132.95,904226
4/19/2024,132.75,966877
4/18/2024,132.97,977836
4/17/2024,133.21,1000055
4/16/2024,132.97,1404152
4/15/2024,133.57,1176244
4/12/2024,134.47,1275690
4/11/2024,133.1,1236757
4/10/2024,133.7,1232367
4/9/2024,134.33,926657
4/8/2024,133.59,806687
4/5/2024,133.98,864975
4/4/2024,134.5,1036557
4/3/2024,133.98,1257809
4/2/2024,133.9,1349104
3/28/2024,135.14,1039632
3/27/2024,135.13,864674
3/26/2024,134.51,845660
3/25/2024,134.32,741246
3/22/2024,134.83,1103251
3/21/2024,134.02,1147114
3/20/2024,133.67,911529
3/19/2024,133.64,1056286
3/18/2024,133.42,853398
3/15/2024,133.59,824881
3/14/2024,133.77,1135404
3/13/2024,134.49,944543
3/12/2024,134.89,962511
3/11/2024,135.15,758792
3/8/2024,135.52,895157
3/7/2024,135.1,1292258
3/6/2024,134.84,1158502
3/5/2024,135.05,1056761
3/4/2024,134.13,960486
3/1/2024,134.14,631611
2/29/2024,134.02,1628257
2/28/2024,133.58,1024936
2/27/2024,133.63,1150405
2/26/2024,133.9,912520
2/23/2024,134.54,1158481
2/22/2024,133.95,1237801
2/21/2024,133.96,946030
2/20/2024,134.63,834112
2/19/2024,134.22,494714
2/16/2024,134.33,876544
2/15/2024,134.98,1049876
2/14/2024,134.94,949224
2/13/2024,134.48,1090678
2/12/2024,134.82,652107
2/9/2024,134.67,905341
2/8/2024,134.99,889854
2/7/2024,135.67,933086
2/6/2024,135.61,1167091
2/5/2024,135.28,984676
2/2/2024,136.3,1166462
2/1/2024,137.62,1204091
1/31/2024,137.22,1574839
1/30/2024,135.9,1043355
1/29/2024,136.36,766826
1/26/2024,135.66,862944
1/25/2024,135.9,1069169
1/24/2024,135.28,1039063
1/23/2024,135.29,896208
1/22/2024,135.84,657675
1/19/2024,135.37,790198
1/18/2024,135.32,977761
1/17/2024,135.6,1355211
1/16/2024,136.33,1095985
1/15/2024,136.62,694277
1/12/2024,137.04,965098
1/11/2024,136.51,1116168
1/10/2024,136.53,1051833
1/9/2024,136.83,1069770
1/8/2024,137.42,989393
1/5/2024,137.4,1004058
1/4/2024,137.68,1206240
1/3/2024,138.56,969492
1/2/2024,138.26,951648
12/29/2023,138.59,474435
12/28/2023,139.68,403605
12/27/2023,140.01,354368
12/22/2023,139.27,389203
12/21/2023,139.32,674615
12/20/2023,139.19,653477
12/19/2023,138.77,642557
12/18/2023,138.11,591204
12/15/2023,138.7,952565
12/14/2023,137.59,1326379
12/13/2023,137.04,815893
12/12/2023,136.45,800859
12/11/2023,136,583958
12/8/2023,136.05,894129
12/7/2023,136.83,987737
12/6/2023,136.73,1110931
12/5/2023,136.35,1005391
12/4/2023,135.23,1155923
12/1/2023,134.97,830300
11/30/2023,134.02,1464582
11/29/2023,134.44,1270652
11/28/2023,133.66,930540
11/27/2023,133.05,739462
11/24/2023,132.05,618964
11/23/2023,132.31,726057
11/22/2023,132.95,974250
11/21/2023,132.99,882153
11/20/2023,132.41,737286
11/17/2023,132.77,902867
11/16/2023,132.93,1017831
11/15/2023,132.37,1162181
11/14/2023,132.61,1145353
11/13/2023,131.37,779620
11/10/2023,131.55,901482
11/9/2023,132.17,950924
11/8/2023,132.46,1130492
11/7/2023,132.06,980493
11/6/2023,131.41,777210
11/3/2023,132.27,1147935
11/2/2023,131.64,1404202
11/1/2023,131.18,1023353
10/31/2023,130.72,1209272
10/30/2023,130.46,885093
10/27/2023,130.38,805796
10/26/2023,130.2,1002648
10/25/2023,129.86,791110
10/24/2023,130.29,963327
10/23/2023,129.89,847808
10/20/2023,129.82,802793
10/19/2023,129.26,1053433
10/18/2023,129.34,929345
10/17/2023,129.82,1034704
10/16/2023,130.81,694176
10/13/2023,131.25,878094
10/12/2023,130.89,1060923
10/11/2023,131.51,1179669
10/10/2023,130.88,1092455
10/9/2023,130.98,814304
10/6/2023,129.67,926429
10/5/2023,129.8,971522
10/4/2023,129.1,1080969
10/3/2023,129.01,918843
10/2/2023,129.48,696175
9/29/2023,130.37,1179201
9/28/2023,128.82,1487699
9/27/2023,130.37,936112
9/26/2023,130.62,845596
9/25/2023,130.75,820333
9/22/2023,131.29,761148
9/21/2023,131.33,866978
9/20/2023,131.62,659883
9/19/2023,131.29,670789
9/18/2023,131.49,566630
9/15/2023,132.04,700191
9/14/2023,132.96,927431
9/13/2023,132.16,723951
9/12/2023,132.36,524767
9/11/2023,132.37,410540
9/8/2023,132.82,516848
9/7/2023,132.57,680506
9/6/2023,132.24,896262
9/5/2023,132.77,688554
9/4/2023,133.06,835723
9/1/2023,133.56,567200
8/31/2023,134.36,1160111
8/30/2023,133.5,883077
8/29/2023,133.68,710935
8/28/2023,133.08,330284
8/25/2023,133.27,540291
8/24/2023,133.66,600764
8/23/2023,133.73,916079
8/22/2023,132.28,497712
8/21/2023,131.69,456192
8/18/2023,132.58,585623
8/17/2023,131.79,519682
8/16/2023,132.33,530537
8/15/2023,132,607901
8/14/2023,132.44,389569
8/11/2023,132.64,556203
8/10/2023,133.6,470625
8/9/2023,134.04,566429
8/8/2023,134.37,718431
8/7/2023,132.97,553602
8/4/2023,133.18,697474
8/3/2023,133.08,866844
8/2/2023,133.62,677658
8/1/2023,133.39,540220
7/31/2023,134.17,610519
7/28/2023,134.15,897454
7/27/2023,134.16,898756
7/26/2023,134.19,594748
7/25/2023,134.66,517824
7/24/2023,134.89,587269
7/21/2023,134.5,468832
7/20/2023,134.18,713291
7/19/2023,134.87,876392
7/18/2023,135.43,777511
7/17/2023,134.16,479135
7/14/2023,133.98,489339
7/13/2023,134,859073
7/12/2023,133.12,754135
7/11/2023,132.12,683717
7/10/2023,132.24,546486
7/7/2023,132.29,771305
7/6/2023,132.36,1105992
7/5/2023,134.04,730740
7/4/2023,134.23,535553
7/3/2023,134.54,630885
6/30/2023,134.91,774562
6/29/2023,134.81,807851
6/28/2023,135.75,723194
6/27/2023,135.33,707964
6/26/2023,135.93,712282
6/23/2023,135.45,878764
6/22/2023,133.85,747975
6/21/2023,134.59,691013
6/20/2023,134.94,709532
6/19/2023,133.58,451626
6/16/2023,134.32,754736
6/15/2023,133.86,1070333
6/14/2023,134.46,723180
6/13/2023,134.82,893727
6/12/2023,135.37,677613
6/9/2023,135.36,586756
6/8/2023,134.85,650706
6/7/2023,134.66,858552
6/6/2023,135.27,700492
6/5/2023,135.31,909192
6/2/2023,136.09,757639
6/1/2023,136.63,412801
5/31/2023,136.49,1223246
5/30/2023,135.63,839624
5/29/2023,134.66,259449
5/26/2023,133.38,711021
5/25/2023,134.06,854669
5/24/2023,134.51,751087
5/23/2023,134.31,755627
5/22/2023,134.42,602529
5/19/2023,134.68,688847
5/18/2023,134.47,628557
5/17/2023,135.91,651445
5/16/2023,135.74,786150
5/15/2023,136.22,565782
5/12/2023,136.64,476992
5/11/2023,137.17,881677
5/10/2023,136.4,766631
5/9/2023,135.84,661270
5/8/2023,135.98,321624
5/5/2023,136.35,635476
5/4/2023,137.4,1036629
5/3/2023,136.74,744669
5/2/2023,136.68,884774
4/28/2023,136,970731
4/27/2023,134.56,711423
4/26/2023,135.43,980990
4/25/2023,135.46,950122
4/24/2023,134.13,543332
4/21/2023,134.03,581744
4/20/2023,134.45,707668
4/19/2023,133.87,662534
4/18/2023,134.4,714205
4/17/2023,134.12,592709
4/14/2023,134.83,719098
4/13/2023,135.56,710981
4/12/2023,135.59,833529
4/11/2023,136.31,532422
4/6/2023,137.74,680809
4/5/2023,137.72,844855
4/4/2023,136.73,703242
4/3/2023,137.02,641463
3/31/2023,136.28,801952
3/30/2023,135.66,837027
3/29/2023,136.31,651330
3/28/2023,136.46,757942
3/27/2023,137.37,778699
3/24/2023,138.44,1031761
3/23/2023,137.48,778433
3/22/2023,135.85,858360
3/21/2023,136.46,890089
3/20/2023,138.41,960158
3/17/2023,138.64,931328
3/16/2023,136.99,1285704
3/15/2023,138.06,1697837
3/14/2023,134.4,1225819
3/13/2023,136.64,1847830
3/10/2023,134.17,1132001
3/9/2023,132.13,723655
3/8/2023,132.37,848909
3/7/2023,131.66,925579
3/6/2023,131.35,865558
3/3/2023,131.24,828206
3/2/2023,131.16,909537
3/1/2023,131.46,476505
2/28/2023,132.39,1316535
2/27/2023,133.11,705495
2/24/2023,133.53,880713
2/23/2023,134.14,835587
2/22/2023,133.8,807879
2/21/2023,133.43,807175
2/20/2023,134.34,390349
2/17/2023,134.37,829340
2/16/2023,134.02,755050
2/15/2023,134.22,838593
2/14/2023,134.69,932149
2/13/2023,135.32,590806
2/10/2023,135.39,663538
2/9/2023,136.14,763588
2/8/2023,135.5,889590
2/7/2023,136.18,889982
2/6/2023,136.39,695293
2/3/2023,137.53,1003407
2/2/2023,139.31,1248075
2/1/2023,136.23,718882
1/31/2023,136.3,892375
1/30/2023,136.18,720481
1/27/2023,136.92,649101
1/26/2023,137.23,694934
1/25/2023,137.84,895036
1/24/2023,137.81,819809
1/23/2023,137.45,617044
1/20/2023,137.75,716267
1/19/2023,139.03,921825
1/18/2023,139.78,964694
1/17/2023,138.74,950670
1/16/2023,137.69,476094
1/13/2023,137.79,662328
1/12/2023,137.7,1024609
1/11/2023,137.12,981849
1/10/2023,135.68,765634
1/9/2023,136.51,722518
1/6/2023,136.91,753862
1/5/2023,135.47,902523
1/4/2023,135.95,930926
1/3/2023,134.56,778978
1/2/2023,133.8,225593
12/30/2022,132.41,380263
12/29/2022,133.47,309226
12/28/2022,133,348500
12/27/2022,132.93,298332
12/23/2022,134.43,322593
12/22/2022,134.79,396382
12/21/2022,135.36,455112
12/20/2022,135.39,599353
12/19/2022,136.63,451022
12/16/2022,136.91,870204
12/15/2022,138.13,1081768
12/14/2022,139.93,752285
12/13/2022,140.32,718779
12/12/2022,139.96,478618
12/9/2022,140,593587
12/8/2022,141.47,519391
12/7/2022,141.7,735834
12/6/2022,141.48,685636
12/5/2022,140.47,824186
12/2/2022,140.65,618830
12/1/2022,141.2,775035
11/30/2022,139.71,946070
11/29/2022,140.21,810583
11/28/2022,139.25,612214
11/25/2022,139.32,560703
11/24/2022,140.97,515883
11/23/2022,139.98,705091
11/22/2022,139.22,521674
11/21/2022,139.25,513825
11/18/2022,139.01,531199
11/17/2022,138.84,701189
11/16/2022,139.21,763835
11/15/2022,138.16,842088
11/14/2022,137.37,541006
11/11/2022,137.35,601218
11/10/2022,139.33,898601
11/9/2022,137.03,717497
11/8/2022,135.92,673542
11/7/2022,135.28,545086
11/4/2022,135.55,610208
11/3/2022,136.04,752537
11/2/2022,137.47,541672
11/1/2022,137.67,636525
10/31/2022,137.27,662652
10/28/2022,138.16,802581
10/27/2022,139.09,924236
10/26/2022,137.7,782220
10/25/2022,137.04,757850
10/24/2022,134.99,776968
10/21/2022,133.95,811030
10/20/2022,134.53,733164
10/19/2022,134.93,759337
10/18/2022,136.05,783972
10/17/2022,135.71,504839
10/14/2022,134.91,814195
10/13/2022,135.05,999507
10/12/2022,134.67,870442
10/11/2022,135.28,876446
10/10/2022,134.91,786668
10/7/2022,136.5,655006
10/6/2022,137.79,771686
10/5/2022,138.59,826800
10/4/2022,140.45,917561
10/3/2022,140.01,852825
9/30/2022,137.32,1025589
9/29/2022,136.33,989178
9/28/2022,136.74,1412914
9/27/2022,135.97,1219163
9/26/2022,137.7,907363
9/23/2022,138.31,1098272
9/22/2022,138.85,928306
9/21/2022,140.03,760749
9/20/2022,139.53,902528
9/19/2022,141.45,352175
9/16/2022,141.56,612935
9/15/2022,142.05,724960
9/14/2022,142.46,723341
9/13/2022,142.22,754326
9/12/2022,143.33,561506
9/9/2022,142.4,853718
9/8/2022,142.36,896414
9/7/2022,143.99,728108
9/6/2022,143.63,1091155
9/5/2022,144.13,795086
9/2/2022,144.74,704523
9/1/2022,143.79,486117
8/31/2022,144.4,1071503
8/30/2022,144.63,869148
8/29/2022,145.04,559520
8/26/2022,146.39,660557
8/25/2022,147.41,608132
8/24/2022,146.69,598796
8/23/2022,147.42,706693
8/22/2022,147.79,599337
8/19/2022,148.6,562752
8/18/2022,150.59,530657
8/17/2022,150.55,618589
8/16/2022,151.96,451778
8/15/2022,153.13,360865
8/12/2022,151.77,418938
8/11/2022,151.94,508798
8/10/2022,153.29,525723
8/9/2022,152.61,414662
8/8/2022,153.14,364170
8/5/2022,152.37,483667
8/4/2022,154.33,581392
8/3/2022,153.39,652710
8/2/2022,154.53,680972
8/1/2022,154.85,562818
7/29/2022,154.07,811718
7/28/2022,154.33,809485
7/27/2022,152.59,645606
7/26/2022,152.44,648744
7/25/2022,151.18,502180
7/22/2022,150.89,796397
7/21/2022,148.61,917593
7/20/2022,147.71,713598
7/19/2022,147.53,695477
7/18/2022,148.35,508831
7/15/2022,149.53,578803
7/14/2022,148.6,785110
7/13/2022,149.05,780995
7/12/2022,149.44,808504
7/11/2022,147.83,467791
7/8/2022,146.5,559023
7/7/2022,146.98,809461
7/6/2022,148.36,881975
7/5/2022,147.67,803632
7/4/2022,145.54,446046
7/1/2022,147.28,955046
6/30/2022,145.21,977262
6/29/2022,143.42,839074
6/28/2022,141.61,795503
6/27/2022,142.92,603121
6/24/2022,144.37,781647
6/23/2022,144.62,1208578
6/22/2022,141.71,889856
6/21/2022,139.76,782885
6/20/2022,139.89,586743
6/17/2022,140.73,854887
6/16/2022,140.17,1238916
6/15/2022,141.04,1289411
6/14/2022,140.02,1260901
6/13/2022,141.61,1095073
6/10/2022,143.41,956292
6/9/2022,144.23,1040139
6/8/2022,145.37,793362
6/7/2022,146.24,836777
6/6/2022,145.61,588639
6/3/2022,146.27,656184
6/2/2022,146.97,650904
6/1/2022,147.77,1045311
5/31/2022,148.36,1550057
5/30/2022,149.44,638118
5/27/2022,150.53,629944
5/26/2022,150.05,783651
5/25/2022,150.71,802672
5/24/2022,150.73,940984
5/23/2022,149.9,772403
5/20/2022,150.72,676711
5/19/2022,150.67,935723
5/18/2022,149.73,942439
5/17/2022,149.33,863001
5/16/2022,150.82,611239
5/13/2022,150.55,653539
5/12/2022,151.55,1063475
5/11/2022,149.7,1020569
5/10/2022,149.74,787777
5/9/2022,148.53,778271
5/6/2022,147.73,901944
5/5/2022,149.34,970861
5/4/2022,149.97,672878
5/3/2022,150.46,759384
5/2/2022,150.28,421177
4/29/2022,150.38,979005
4/28/2022,150.94,960264
4/27/2022,152.25,779875
4/26/2022,152.27,786585
4/25/2022,151.68,814506
4/22/2022,150.04,732989
4/21/2022,150.59,852392
4/20/2022,151.4,773025
4/19/2022,150.49,753447
4/14/2022,151.74,814988
4/13/2022,152.65,759540
4/12/2022,152.15,820616
4/11/2022,151.82,738447
4/8/2022,153.36,648081
4/7/2022,153.62,911683
4/6/2022,154.03,818431
4/5/2022,154.52,832869
4/4/2022,155.89,772701
4/1/2022,155.14,816143
3/31/2022,155.45,999816
3/30/2022,153.95,878661
3/29/2022,154.16,916296
3/28/2022,155.11,694001
3/25/2022,155.44,657964
3/24/2022,156.05,737864
3/23/2022,156.59,656775
3/22/2022,156.22,790434
3/21/2022,157.09,526098
3/18/2022,158.16,490019
3/17/2022,157.8,715286
3/16/2022,157.86,690097
3/15/2022,158.76,617481
3/14/2022,158,605353
3/11/2022,159.23,647578
3/10/2022,159.57,961958
3/9/2022,160.37,850508
3/8/2022,161.81,1084294
3/7/2022,163.71,842878
3/4/2022,164.73,720025
3/3/2022,163.02,1028320
3/2/2022,163.2,666614
3/1/2022,164.12,464997
2/28/2022,160.9,969076
2/25/2022,160.01,853800
2/24/2022,160.79,1187083
2/23/2022,159.85,764909
2/22/2022,159.56,1038533
2/21/2022,160.12,633558
2/18/2022,160.2,678084
2/17/2022,159.7,836679
2/16/2022,159.09,805446
2/15/2022,158.4,942120
2/14/2022,159.09,942670
2/11/2022,158.81,965982
2/10/2022,158.8,1107724
2/9/2022,159.72,870190
2/8/2022,159.04,1085866
2/7/2022,159.46,1079010
2/4/2022,159.88,1267554
2/3/2022,160.76,1313517
2/2/2022,162.52,759459
2/1/2022,162.62,791631
1/31/2022,162.97,936454
1/28/2022,163.88,783916
1/27/2022,164.02,788198
1/26/2022,164.21,685628
1/25/2022,164.52,794865
1/24/2022,164.73,740078
1/21/2022,164.15,704572
1/20/2022,163.6,614298
1/19/2022,163.24,772795
1/18/2022,163.43,737045
1/17/2022,163.51,377167
1/14/2022,163.94,708918
1/13/2022,164.57,722576
1/12/2022,164.08,801001
1/11/2022,163.65,771347
1/10/2022,163.82,679202
1/7/2022,163.86,613339
1/6/2022,164.2,762897
1/5/2022,164.61,639223
1/4/2022,164.67,717148
1/3/2022,164.6,492408
12/30/2021,165.23,314731
12/29/2021,165.37,325490
12/28/2021,166.22,189528
12/27/2021,166.27,180057
12/23/2021,166.29,371680
12/22/2021,167,362638
12/21/2021,167.17,476936
12/20/2021,168.28,403160
12/17/2021,168.29,405405
12/16/2021,167.91,667659
12/15/2021,168.18,403490
12/14/2021,168.32,394657
12/13/2021,168.54,359926
12/10/2021,168.1,448423
12/9/2021,168.05,464436
12/8/2021,167.35,770615
12/7/2021,168.32,578747
12/6/2021,168.59,601093
12/3/2021,168.35,794576
12/2/2021,168.34,850223
12/1/2021,167.64,442393
11/30/2021,167.95,1019198
11/29/2021,167.6,671180
11/26/2021,167.92,879093
11/25/2021,166.56,349083
11/24/2021,166.12,793129
11/23/2021,166.39,784989
11/22/2021,167.35,644228
11/19/2021,167.9,891764
11/18/2021,166.82,640488
11/17/2021,166.35,536995
11/16/2021,166.35,618967
11/15/2021,166.33,628905
11/12/2021,166.43,676530
11/11/2021,166,582155
11/10/2021,166.27,843968
11/9/2021,166.83,709915
11/8/2021,166.27,556850
11/5/2021,166.65,850913
11/4/2021,165.79,894289
11/3/2021,164.92,803099
11/2/2021,164.91,875011
11/1/2021,163.73,740860
10/29/2021,163.7,1345061
10/28/2021,164.64,1267716
10/27/2021,165.12,958582
10/26/2021,164.27,630949
10/25/2021,164.23,583711
10/22/2021,163.86,758775
10/21/2021,163.83,722503
10/20/2021,164.29,678201
10/19/2021,164.12,846461
10/18/2021,164.69,913620
10/15/2021,165.14,671005
10/14/2021,165.23,984015
10/13/2021,164.52,1127103
10/12/2021,163.99,1074493
10/11/2021,164.36,547629
10/8/2021,164.8,832293
10/7/2021,165.29,706344
10/6/2021,165.23,923808
10/5/2021,165.24,704297
10/4/2021,165.69,604568
10/1/2021,165.8,781482
9/30/2021,165.4,942176
9/29/2021,165.73,737214
9/28/2021,165.44,943322
9/27/2021,165.75,786122
9/24/2021,165.88,804154
9/23/2021,166.28,905351
9/22/2021,167.32,585099
9/21/2021,167.32,652920
9/20/2021,167.13,702845
9/17/2021,166.58,675355
9/16/2021,167.01,684754
9/15/2021,167.15,727413
9/14/2021,167.49,807834
9/13/2021,167.38,418815
9/10/2021,167.46,521582
9/9/2021,167.86,763554
9/8/2021,167.27,666193
9/7/2021,167.2,885563
9/6/2021,167.94,555654
9/3/2021,167.87,893858
9/2/2021,168.16,1093021
9/1/2021,167.93,463067
8/31/2021,168.12,996522
8/30/2021,168.95,387012
8/27/2021,168.66,540729
8/26/2021,168.6,736494
8/25/2021,168.65,811472
8/24/2021,169.5,518084
8/23/2021,169.56,507278
8/20/2021,169.82,318424
8/19/2021,169.71,518027
8/18/2021,169.59,430203
8/17/2021,169.47,510269
8/16/2021,169.47,468506
8/13/2021,169.31,394284
8/12/2021,169.25,416083
8/11/2021,169.24,579582
8/10/2021,169.26,451128
8/9/2021,169.19,405746
8/6/2021,169.17,581024
8/5/2021,169.96,561189
8/4/2021,169.61,661160
8/3/2021,169.64,459059
8/2/2021,169.49,504545
7/30/2021,169.24,584895
7/29/2021,169.11,594916
7/28/2021,169.08,628190
7/27/2021,168.93,503698
7/26/2021,168.5,541468
7/23/2021,168.48,476079
7/22/2021,168.61,695784
7/21/2021,168.2,755377
7/20/2021,168.52,912579
7/19/2021,168.19,742943
7/16/2021,167.54,451477
7/15/2021,167.25,623769
7/14/2021,167.01,612530
7/13/2021,166.79,802446
7/12/2021,166.72,456598
7/9/2021,166.57,552531
7/8/2021,167.01,892128
7/7/2021,166.69,782430
7/6/2021,166.27,753361
7/5/2021,165.37,344344
7/2/2021,165.76,692345
7/1/2021,165.21,666568
6/30/2021,165.28,724062
6/29/2021,164.74,666529
6/28/2021,164.93,496383
6/25/2021,164.44,551487
6/24/2021,165,573156
6/23/2021,164.84,687022
6/22/2021,164.62,679589
6/21/2021,164.83,770499
6/18/2021,165.27,828098
6/17/2021,165.11,802655
6/16/2021,165.2,555125
6/15/2021,164.99,686030
6/14/2021,165.31,441098
6/11/2021,165.55,572706
6/10/2021,165.2,797336
6/9/2021,165.23,715933
6/8/2021,164.77,733125
6/7/2021,164.42,564731
6/4/2021,164.61,786448
6/3/2021,164.17,819275
6/2/2021,164.38,907160
6/1/2021,164.05,624709
5/31/2021,164.16,487143
5/28/2021,164.16,731711
5/27/2021,164.01,784831
5/26/2021,164.51,871997
5/25/2021,163.91,819603
5/24/2021,163.54,465550
5/21/2021,163.36,770576
5/20/2021,163.06,705685
5/19/2021,163.12,1007072
5/18/2021,163.04,842696
5/17/2021,163.08,779427
5/14/2021,163.2,739776
5/13/2021,163.11,801722
5/12/2021,163.16,964245
5/11/2021,163.67,997634
5/10/2021,164.51,561907
5/7/2021,164.69,1002366
5/6/2021,164.81,838069
5/5/2021,164.69,705689
5/4/2021,164.88,877319
5/3/2021,164.38,611314
4/30/2021,164.22,747802
4/29/2021,164.1,929331
4/28/2021,164.7,803042
4/27/2021,164.98,564463
4/26/2021,165.05,576130
4/23/2021,165.05,617355
4/22/2021,165.16,845848
4/21/2021,165.1,697259
4/20/2021,164.96,820263
4/19/2021,164.7,819388
4/16/2021,165.13,648177
4/15/2021,165.55,776664
4/14/2021,165.09,748423
4/13/2021,165.48,852830
4/12/2021,165.52,664710
4/9/2021,165.59,737978
4/8/2021,166.11,573507
4/7/2021,165.89,666395
4/6/2021,165.9,595427
4/1/2021,166.05,572536
3/31/2021,165.5,771397
3/30/2021,165.22,933497
3/29/2021,165.84,623817
3/26/2021,166.34,628745
3/25/2021,166.8,641254
3/24/2021,166.39,700316
3/23/2021,166.14,775981
3/22/2021,165.71,584357
3/19/2021,165.44,665343
3/18/2021,164.94,965021
3/17/2021,165.3,817433
3/16/2021,166,689013
3/15/2021,166,653503
3/12/2021,165.34,734510
3/11/2021,165.86,988953
3/10/2021,165.54,590189
3/9/2021,165.45,740721
3/8/2021,165.1,626203
3/5/2021,165.34,953510
3/4/2021,165.61,713917
3/3/2021,165.29,847331
3/2/2021,166.01,699863
3/1/2021,165.91,285514
2/26/2021,164.75,1504768
2/25/2021,164.41,1702088
2/24/2021,165.39,1147177
2/23/2021,165.7,1178172
2/22/2021,166.07,1270898
2/19/2021,165.53,944886
2/18/2021,166.03,1021727
2/17/2021,166.39,1149816
2/16/2021,166.15,1053604
2/15/2021,166.58,670779
2/12/2021,167.32,758703
2/11/2021,167.78,658756
2/10/2021,167.45,688532
2/9/2021,167.56,764999
2/8/2021,167.47,643913
2/5/2021,167.52,980519
2/4/2021,167.67,848300
2/3/2021,167.82,761774
2/2/2021,168.1,876689
2/1/2021,168.57,636770
1/29/2021,168.6,1155117
1/28/2021,169.12,701487
1/27/2021,169.14,863974
1/26/2021,168.87,617109
1/25/2021,169.18,676470
1/22/2021,168.51,644005
1/21/2021,168.15,860429
1/20/2021,168.8,507453
1/19/2021,168.75,720922
1/18/2021,168.72,432299
1/15/2021,169.01,547660
1/14/2021,169.19,748879
1/13/2021,168.71,989425
1/12/2021,167.79,914856
1/11/2021,168.28,739758
1/8/2021,168.65,542402
1/7/2021,168.6,792789
1/6/2021,168.72,842515
1/5/2021,169.25,613781
1/4/2021,169.47,695838
12/30/2020,168.99,340909
12/29/2020,169.05,264996
12/28/2020,168.74,196409
12/23/2020,168.42,507278
12/22/2020,169.28,344003
12/21/2020,169.21,520416
12/18/2020,169.01,416574
12/17/2020,169.04,520025
12/16/2020,168.9,692199
12/15/2020,169.62,440881
12/14/2020,169.77,444213
12/11/2020,170.03,562345
12/10/2020,169.43,704186
12/9/2020,169.54,419412
12/8/2020,169.63,537909
12/7/2020,169.2,542910
12/4/2020,168.53,638058
12/3/2020,168.62,956178
12/2/2020,168.09,626757
12/1/2020,168.19,456077
11/30/2020,168.95,744764
11/27/2020,169.2,360715
11/26/2020,169.21,333128
11/25/2020,169.03,507492
11/24/2020,168.96,520857
11/23/2020,169.11,552775
11/20/2020,169.23,512288
11/19/2020,169.03,522083
11/18/2020,168.82,526036
11/17/2020,168.88,528184
11/16/2020,168.63,677915
11/13/2020,168.64,512706
11/12/2020,168.44,666820
11/11/2020,168,653875
11/10/2020,167.72,995727
11/9/2020,168.06,1190804
11/6/2020,169.73,591309
11/5/2020,170.03,617547
11/4/2020,170.1,787734
11/3/2020,169.72,584729
11/2/2020,169.94,529997
10/30/2020,169.85,683406
10/29/2020,170.01,698875
10/28/2020,169.77,793207
10/27/2020,169.64,593179
10/26/2020,169,574258
10/23/2020,168.96,551138
10/22/2020,168.89,613665
10/21/2020,169.41,649237
10/20/2020,169.51,585677
10/19/2020,169.81,486447
10/16/2020,169.77,479596
10/15/2020,169.6,836969
10/14/2020,169.05,546064
10/13/2020,168.76,492809
10/12/2020,168.51,307189
10/9/2020,168.38,493554
10/8/2020,168.18,455960
10/7/2020,167.83,716961
10/6/2020,167.97,665813
10/5/2020,168.12,530283
10/2/2020,168.36,527044
10/1/2020,168.36,715321
9/30/2020,168.22,714272
9/29/2020,168.57,500463
9/28/2020,168.32,427860
9/25/2020,168.37,472462
9/24/2020,168.14,557158
9/23/2020,167.91,574539
9/22/2020,168.07,590252
9/21/2020,168.35,608306
9/18/2020,167.77,438515
9/17/2020,167.96,647265
9/16/2020,167.62,456236
9/15/2020,167.7,473821
9/14/2020,167.7,433609
9/11/2020,167.66,462581
9/10/2020,166.81,667105
9/9/2020,167.38,608711
9/8/2020,167.95,622278
9/7/2020,167.41,425290
9/4/2020,167.63,627137
9/3/2020,167.93,805235
9/2/2020,167.53,604997
9/1/2020,166.59,374992
8/31/2020,166.43,629222
8/28/2020,166.55,916048
8/27/2020,166.31,873374
8/26/2020,166.53,733619
8/25/2020,166.76,760035
8/24/2020,167.89,461448
8/21/2020,167.97,531631
8/20/2020,167.82,562698
8/19/2020,167.44,542392
8/18/2020,167.3,514883
8/17/2020,167.08,470445
8/14/2020,166.63,486095
8/13/2020,166.43,635292
8/12/2020,167.11,642976
8/11/2020,167.53,562339
8/10/2020,168.37,366166
8/7/2020,168.04,394367
8/6/2020,168.47,547061
8/5/2020,167.97,492402
8/4/2020,168.68,454198
8/3/2020,168.18,380277
7/31/2020,168.39,573934
7/30/2020,168.56,531226
7/29/2020,167.82,431543
7/28/2020,168,494529
7/27/2020,167.67,481823
7/24/2020,166.96,608253
7/23/2020,167.59,404140
7/22/2020,167.8,482282
7/21/2020,167.24,407568
7/20/2020,167.24,465199
7/17/2020,167.14,332009
7/16/2020,167.49,472597
7/15/2020,166.99,538076
7/14/2020,167.07,476670
7/13/2020,166.5,503253
7/10/2020,167.5,477230
7/9/2020,167.39,443337
7/8/2020,167,435173
7/7/2020,166.75,413698
7/6/2020,166.83,407429
7/3/2020,166.89,244234
7/2/2020,166.88,628124
7/1/2020,166.16,550704
6/30/2020,167.39,534406
6/29/2020,167.53,350341
6/26/2020,167.57,399577
6/25/2020,167.42,526347
6/24/2020,166.88,592629
6/23/2020,166.48,559797
6/22/2020,166.98,440626
6/19/2020,166.55,383643
6/18/2020,166.46,548603
6/17/2020,166.27,596315
6/16/2020,166.27,592816
6/15/2020,166.39,475613
6/12/2020,166.44,513632
6/11/2020,166.11,598108
6/10/2020,164.68,644911
6/9/2020,164.33,646569
6/8/2020,164.38,532548
6/5/2020,163.63,786513
6/4/2020,164.37,987426
6/3/2020,164.85,977984
6/2/2020,165.84,675489
6/1/2020,165.63,173220
5/29/2020,166.52,810335
5/28/2020,166.11,637250
5/27/2020,166.13,841045
5/26/2020,166.22,705336
5/25/2020,167.12,136199
5/22/2020,167.18,460081
5/21/2020,167.21,432622
5/20/2020,166.78,547619
5/19/2020,166.76,685895
5/18/2020,167.22,678104
5/15/2020,167.8,471060
5/14/2020,167.71,540227
5/13/2020,167.69,550622
5/12/2020,167.43,616386
5/11/2020,167.59,445976
5/8/2020,167.83,302213
5/7/2020,167.95,652672
5/6/2020,167.36,599619
5/5/2020,168.47,642956
5/4/2020,168.1,497878
4/30/2020,168.49,780386
4/29/2020,167.12,531309
4/28/2020,166.81,423808
4/27/2020,166.51,392523
4/24/2020,166.82,417984
4/23/2020,166.16,571166
4/22/2020,166.06,517771
4/21/2020,166.97,528249
4/20/2020,166.47,392721
4/17/2020,166.91,299089
4/16/2020,166.73,459933
4/15/2020,166.74,532337
4/14/2020,165.6,273464
4/9/2020,164.96,455321
4/8/2020,164.52,620310
4/7/2020,164.55,567349
4/6/2020,165.88,319103
4/3/2020,166.12,391643
4/2/2020,165.98,540021
4/1/2020,166.63,483245
3/31/2020,166.57,508923
3/30/2020,167.66,427475
3/27/2020,166.62,560941
3/26/2020,165.13,545087
3/25/2020,163.68,464922
3/24/2020,164.33,454207
3/23/2020,165.18,496860
3/20/2020,164.48,543197
3/19/2020,162,813148
3/18/2020,162.85,879198
3/17/2020,165.99,773971
3/16/2020,166.23,623389
3/13/2020,168.23,1007324
3/12/2020,170.56,1009816
3/11/2020,170.83,1012794
3/10/2020,171.65,1282692
3/9/2020,172.29,994789
3/6/2020,170.58,1064217
3/5/2020,169.81,1019517
3/4/2020,169.14,925059
3/3/2020,168.98,1080345
3/2/2020,169.09,1123887
2/28/2020,168.75,1463490
2/27/2020,167.87,1342659
2/26/2020,167.12,1407416
2/25/2020,167.31,1128961
2/24/2020,166.87,1261625
2/21/2020,166.22,955610
2/20/2020,166.25,869932
2/19/2020,165.95,635292
2/18/2020,165.82,761810
2/17/2020,165.74,264963
2/14/2020,165.77,470649
2/13/2020,165.56,879840
2/12/2020,165.31,737949
2/11/2020,165.55,766465
2/10/2020,165.86,500705
2/7/2020,165.47,725074
2/6/2020,165.11,762856
2/5/2020,165.21,947840
2/4/2020,165.82,837828
2/3/2020,166.17,692500
1/31/2020,166.33,763628
1/30/2020,165.86,761982
1/29/2020,165.35,628557
1/28/2020,164.97,885015
1/27/2020,165.52,892313
1/24/2020,164.57,812604
1/23/2020,164.32,765002
1/22/2020,163.62,584939
1/21/2020,163.5,752505
1/20/2020,162.96,233912
1/17/2020,162.9,484597
1/16/2020,163.01,637672
1/15/2020,162.75,672851
1/14/2020,162.3,694216
1/13/2020,162.05,611475
1/10/2020,162.64,555738
1/9/2020,162.43,732941
1/8/2020,163.07,825675
1/7/2020,163.41,582593
1/6/2020,163.53,496413
1/3/2020,163.41,528221
1/2/2020,162.55,509178
12/30/2019,161.78,360676
12/27/2019,162.9,168137
12/23/2019,162.72,193933
12/20/2019,162.83,304511
12/19/2019,162.57,562470
12/18/2019,162.77,485077
12/17/2019,163.42,417672
12/16/2019,163.21,511324
12/13/2019,163.39,729472
12/12/2019,163.04,665976
12/11/2019,163.92,431703
12/10/2019,163.52,488016
12/9/2019,163.66,374594
12/6/2019,163.38,566308
12/5/2019,163.47,719291
12/4/2019,163.91,849408
12/3/2019,164.28,1113654
12/2/2019,163.09,968760
11/29/2019,164.36,884112
11/28/2019,164.55,486681
11/27/2019,164.64,639286
11/26/2019,164.74,497717
11/25/2019,164.38,473056
11/22/2019,164.53,687670
11/21/2019,164.04,686084
11/20/2019,164.38,703989
11/19/2019,164.2,448277
11/18/2019,164.13,481696
11/15/2019,164.14,413777
11/14/2019,164.28,620539
11/13/2019,163.65,703016
11/12/2019,162.83,576490
11/11/2019,162.85,350119
11/8/2019,162.98,693212
11/7/2019,162.86,1142561
11/6/2019,163.96,567253
11/5/2019,163.82,736200
11/4/2019,164.28,449131
11/1/2019,164.71,485299
10/31/2019,165.05,723716
10/30/2019,164.35,520842
10/29/2019,164.33,507309
10/28/2019,163.99,569508
10/25/2019,164.64,480486
10/24/2019,165.12,705591
10/23/2019,164.96,490851
10/22/2019,164.71,533814
10/21/2019,164.18,432770
10/18/2019,164.78,441619
10/17/2019,165.01,845835
10/16/2019,164.87,884388
10/15/2019,165.18,742153
10/14/2019,165.87,405054
10/11/2019,165.68,951592
10/10/2019,166.29,793955
10/9/2019,167.34,481564
10/8/2019,167.96,556102
10/7/2019,167.6,337410
10/4/2019,167.78,429513
10/3/2019,167.75,618526
10/2/2019,167.08,612929
10/1/2019,167.49,848640
9/30/2019,167.54,531343
9/27/2019,167.5,451673
9/26/2019,167.61,523324
9/25/2019,167.65,692838
9/24/2019,168.02,576509
9/23/2019,167.83,683113
9/20/2019,166.76,475445
9/19/2019,166.59,531380
9/18/2019,166.66,505359
9/17/2019,166.16,581502
9/16/2019,166.27,600072
9/13/2019,165.73,948891
9/12/2019,167.22,1235881
9/11/2019,167.53,619386
9/10/2019,167.27,711969
9/9/2019,167.53,645230
9/6/2019,168.52,682232
9/5/2019,167.79,1087111
9/4/2019,169,957595
9/3/2019,169.79,1193966
9/2/2019,169.43,415985
8/30/2019,169.57,721955
8/29/2019,169.41,734952
8/28/2019,169.77,709332
8/27/2019,169.41,518167
8/26/2019,168.99,448005
8/23/2019,169.01,648613
8/22/2019,168.51,886720
8/21/2019,169.15,545223
8/20/2019,169.37,638035
8/19/2019,168.62,738395
8/16/2019,169.07,739016
8/15/2019,169.53,885057
8/14/2019,168.78,638591
8/13/2019,168.15,579108
8/12/2019,167.91,340323
8/9/2019,167.63,535282
8/8/2019,167.4,851117
8/7/2019,167.83,801144
8/6/2019,167.05,538517
8/5/2019,166.69,588132
8/2/2019,166.29,864955
8/1/2019,165.91,728992
7/31/2019,165.54,594047
7/30/2019,165.02,402733
7/29/2019,164.93,390381
7/26/2019,164.68,407411
7/25/2019,164.48,985684
7/24/2019,164.77,600271
7/23/2019,164.38,397220
7/22/2019,164.25,408536
7/19/2019,163.86,436417
7/18/2019,163.72,629368
7/17/2019,163.4,528061
7/16/2019,162.81,580062
7/15/2019,162.8,502403
7/12/2019,162.15,766694
7/11/2019,162.29,812399
7/10/2019,162.98,1088823
7/9/2019,163.68,565770
7/8/2019,163.98,512168
7/5/2019,163.65,709057
7/4/2019,164.32,483437
7/3/2019,164.14,653582
7/2/2019,163.82,600455
7/1/2019,163.77,622875
6/28/2019,163.21,487241
6/27/2019,163.09,699716
6/26/2019,162.97,646982
6/25/2019,163.35,578799
6/24/2019,162.94,463680
6/21/2019,162.54,711933
6/20/2019,163.11,667615
6/19/2019,162.63,713166
6/18/2019,163.33,1000244
6/17/2019,162.03,479352
6/14/2019,162.25,586201
6/13/2019,162.01,507649
6/12/2019,161.95,565266
6/11/2019,161.83,540195
6/10/2019,161.58,488845
6/7/2019,162.19,674789
6/6/2019,161.86,1055729
6/5/2019,161.63,914429
6/4/2019,161.42,1176150
6/3/2019,161.28,1224711
5/31/2019,161.25,1330357
5/30/2019,160.91,730315
5/29/2019,160.93,838692
5/28/2019,160.71,944511
5/27/2019,160.55,260208
5/24/2019,160.15,524817
5/23/2019,160.13,784236
5/22/2019,159.63,681336
5/21/2019,159.4,772870
5/20/2019,159.7,551282
5/17/2019,159.97,626131
5/16/2019,159.86,793121
5/15/2019,159.85,963276
5/14/2019,159.5,583821
5/13/2019,159.43,581367
5/10/2019,159.16,617039
5/9/2019,159.17,713527
5/8/2019,159.11,807467
5/7/2019,158.99,825199
5/6/2019,158.35,324793
5/3/2019,158.17,599610
5/2/2019,158.15,772196
4/30/2019,158.22,938719
4/29/2019,158.46,523115
4/26/2019,158.73,503153
4/25/2019,158.6,533568
4/24/2019,158.64,717025
4/23/2019,157.85,557087
4/18/2019,158.13,768220
4/17/2019,157.21,679000
4/16/2019,157.51,661544
4/15/2019,157.57,650826
4/12/2019,157.53,951266
4/11/2019,158.49,510179
4/10/2019,158.8,583756
4/9/2019,158.39,543179
4/8/2019,158.27,358592
4/5/2019,158.27,552256
4/4/2019,158.43,596190
4/3/2019,158.31,820784
4/2/2019,159.02,563232
4/1/2019,158.58,730962
3/29/2019,159.25,695143
3/28/2019,159.3,755693
3/27/2019,159.5,1065658
3/26/2019,158.49,600787
3/25/2019,158.57,623210
3/22/2019,158.65,1010742
3/21/2019,157.76,725539
3/20/2019,157.16,566585
3/19/2019,156.87,727885
3/18/2019,157.18,454397
3/15/2019,157.05,560005
3/14/2019,157.04,542776
3/13/2019,157.38,459077
3/12/2019,157.45,733723
3/11/2019,157.44,509730
3/8/2019,157.3,804481
3/7/2019,157.45,1047278
3/6/2019,156.46,972541
3/5/2019,155.87,1187391
3/4/2019,155.95,1034745
3/1/2019,155.59,484867
2/28/2019,155.68,997602
2/27/2019,156.05,1038699
2/26/2019,156.64,731373
2/25/2019,156.77,530946
2/22/2019,156.99,514633
2/21/2019,156.44,983248
2/20/2019,156.88,492425
2/19/2019,156.79,654664
2/18/2019,156.73,238957
2/15/2019,156.84,474923
2/14/2019,156.91,628466
2/13/2019,156.49,531264
2/12/2019,156.39,634368
2/11/2019,156.72,602027
2/8/2019,157.12,635900
2/7/2019,156.73,896171
2/6/2019,155.88,491944
2/5/2019,155.86,623597
2/4/2019,155.65,418541
2/1/2019,155.87,711766
1/31/2019,156.04,801430
1/30/2019,155.55,571073
1/29/2019,155.45,566210
1/28/2019,155.28,647823
1/25/2019,155.44,603232
1/24/2019,155.69,890974
1/23/2019,154.94,600559
1/22/2019,154.84,608301
1/21/2019,154.5,272114
1/18/2019,154.44,712268
1/17/2019,154.67,566676
1/16/2019,154.96,638525
1/15/2019,155.26,706551
1/14/2019,154.94,540338
1/11/2019,154.78,563194
1/10/2019,154.58,647105
1/9/2019,154.33,656380
1/8/2019,154.11,658669
1/7/2019,154.33,541364
1/4/2019,154.34,649416
1/3/2019,155.19,683676
1/2/2019,155.01,713330
12/31/2018,153.91,
12/28/2018,153.91,335361
12/27/2018,154.1,334721
12/24/2018,153.73,
12/21/2018,153.73,385743
12/20/2018,153.93,696497
12/19/2018,153.75,543107
12/18/2018,153.71,482974
12/17/2018,153.51,398427
12/14/2018,153.57,554180
12/13/2018,153.24,806925
12/12/2018,153.35,708400
12/11/2018,153.85,741273
12/10/2018,153.77,668405
12/7/2018,153.54,619944
12/6/2018,153.92,881066
12/5/2018,153.22,874501
12/4/2018,153.33,1561902
12/3/2018,152.75,1197607
11/30/2018,152.79,849022
11/29/2018,152.66,852035
11/28/2018,152.15,880824
11/27/2018,152.27,649683
11/26/2018,151.99,628250
11/23/2018,152.35,649263
11/22/2018,151.88,436793
11/21/2018,151.83,627426
11/20/2018,152.14,777045
11/19/2018,151.85,613084
11/16/2018,151.9,590153
11/15/2018,152.06,1050374
11/14/2018,151.39,709577
11/13/2018,151.33,777657
11/12/2018,151.54,497503
11/9/2018,151.28,578856
11/8/2018,150.62,536074
11/7/2018,150.75,615172
11/6/2018,150.95,525127
11/5/2018,150.99,480071
11/2/2018,150.88,658295
11/1/2018,151.23,649785
10/31/2018,151.51,660228
10/30/2018,151.69,752795
10/29/2018,151.6,729929
10/26/2018,152.12,865941
10/25/2018,151.41,681400
10/24/2018,151.43,729989
10/23/2018,151.04,765600
10/22/2018,150.59,655438
10/19/2018,150.65,1044791
10/18/2018,150.77,832964
10/17/2018,150.41,681734
10/16/2018,149.97,578937
10/15/2018,149.84,428866
10/12/2018,149.78,584152
10/11/2018,149.6,927373
10/10/2018,149.13,759645
10/9/2018,149.34,880493
10/8/2018,149.2,591262
10/5/2018,148.86,848352
10/4/2018,149.29,1039039
10/3/2018,150.18,840412
10/2/2018,150.77,901213
10/1/2018,150.02,736060
9/28/2018,150.04,1054065
9/27/2018,149.31,861140
9/26/2018,149.29,518047
9/25/2018,149.12,783454
9/24/2018,149.57,745994
9/21/2018,150.25,530180
9/20/2018,149.99,734225
9/19/2018,149.87,704493
9/18/2018,149.99,650229
9/17/2018,150.27,489765
9/14/2018,150.42,558067
9/13/2018,150.71,676492
9/12/2018,150.88,669389
9/11/2018,150.55,612067
9/10/2018,150.94,607667
9/7/2018,151.2,568738
9/6/2018,151.68,684379
9/5/2018,151.17,1209772
9/4/2018,151.6,1292564
9/3/2018,151.96,1044296
8/31/2018,152.03,1041441
8/30/2018,151.74,865703
8/29/2018,150.94,708192
8/28/2018,151.28,815847
8/27/2018,151.4,391910
8/24/2018,151.85,500671
8/23/2018,151.82,454718
8/22/2018,151.76,597125
8/21/2018,152,469569
8/20/2018,152.49,354620
8/17/2018,152.43,435264
8/16/2018,152.25,402817
8/15/2018,152.47,506862
8/14/2018,151.97,434945
8/13/2018,152.12,647393
8/10/2018,152.1,754285
8/9/2018,151.26,445903
8/8/2018,150.87,347532
8/7/2018,150.77,341621
8/6/2018,151.11,352122
8/3/2018,150.81,668423
8/2/2018,150.02,679542
8/1/2018,149.67,690866
7/31/2018,150.34,692914
7/30/2018,150.19,631434
7/27/2018,150.83,450080
7/26/2018,150.94,546245
7/25/2018,151.13,441496
7/24/2018,151.04,536468
7/23/2018,150.86,570469
7/20/2018,151.29,596602
7/19/2018,151.84,457413
7/18/2018,151.71,429737
7/17/2018,151.61,365314
7/16/2018,151.23,388742
7/13/2018,151.74,452726
7/12/2018,151.53,412717
7/11/2018,151.29,547378
7/10/2018,151.14,488689
7/9/2018,151.37,406314
7/6/2018,151.58,428971
7/5/2018,151.46,608844
7/4/2018,151.31,316426
7/3/2018,151.48,504751
7/2/2018,151.39,460778
6/29/2018,151.31,699207
6/28/2018,151.22,512915
6/27/2018,151.06,607009
6/26/2018,150.85,598315
6/25/2018,150.99,510179
6/22/2018,150.86,536054
6/21/2018,150.91,977018
6/20/2018,150.27,521727
6/19/2018,150.29,721501
6/18/2018,149.91,456231
6/15/2018,149.92,792238
6/14/2018,149.47,953585
6/13/2018,148.83,620454
6/12/2018,148.61,634990
6/11/2018,148.5,623118
6/8/2018,149.16,959958
6/7/2018,148.4,1004209
6/6/2018,148.92,1523991
6/5/2018,150.21,1473517
6/4/2018,149.57,1202735
6/1/2018,150.15,451059
5/31/2018,150.84,1468191
5/30/2018,150.72,1629582
5/29/2018,151.5,1721393
5/28/2018,150.63,857650
5/25/2018,149.72,1332111
5/24/2018,148.92,1056314
5/23/2018,148.46,1195176
5/22/2018,147.6,958509
5/21/2018,147.94,803279
5/18/2018,147.37,777688
5/17/2018,146.57,905263
5/16/2018,146.88,1085172
5/15/2018,146.46,832065
5/14/2018,146.84,747329
5/11/2018,147.55,421368
5/10/2018,147.77,572673
5/9/2018,147.55,585280
5/8/2018,147.55,547045
5/7/2018,148.01,254131
5/4/2018,147.78,626752
5/3/2018,147.96,894937
5/2/2018,147.29,612130
4/30/2018,147.44,606831
4/27/2018,147.36,647938
4/26/2018,147.01,752359
4/25/2018,146.42,740999
4/24/2018,146.46,759493
4/23/2018,146.5,861851
4/20/2018,146.83,744536
4/19/2018,146.87,1094636
4/18/2018,147.75,753065
4/17/2018,148.04,584951
4/16/2018,147.85,622222
4/13/2018,148.04,600233
4/12/2018,147.99,659304
4/11/2018,148.2,665485
4/10/2018,147.75,877264
4/9/2018,148,487942
4/6/2018,148.2,531413
4/5/2018,147.81,720300
4/4/2018,148.17,705993
4/3/2018,148,702617
3/29/2018,148.13,578411
3/28/2018,148.01,824206
3/27/2018,147.93,733467
3/26/2018,147.63,539218
3/23/2018,147.57,714821
3/22/2018,147.66,948815
3/21/2018,146.58,490662
3/20/2018,146.76,501560
3/19/2018,146.93,655359
3/16/2018,146.89,466021
3/15/2018,146.84,606465
3/14/2018,146.64,674070
3/13/2018,146.17,682426
3/12/2018,145.97,440187
3/9/2018,145.68,527884
3/8/2018,145.91,814860
3/7/2018,145.51,936499
3/6/2018,145.27,1387588
3/5/2018,145.89,1062310
3/2/2018,145.79,367171
3/1/2018,145.73,273281
2/28/2018,145.47,701486
2/27/2018,145.23,813659
2/26/2018,145.59,678750
2/23/2018,145.51,777959
2/22/2018,144.79,630339
2/21/2018,144.54,675671
2/20/2018,144.42,614787
2/19/2018,144.3,338583
2/16/2018,144.64,575895
2/15/2018,143.91,720047
2/14/2018,144.01,782147
2/13/2018,144.14,664396
2/12/2018,144,637061
2/9/2018,144.07,920806
2/8/2018,143.77,1156905
2/7/2018,144.26,928913
2/6/2018,144.89,1274011
2/5/2018,144.12,871668
2/2/2018,143.9,1033697
2/1/2018,144.63,1077614
1/31/2018,144.85,917380
1/30/2018,144.94,840357
1/29/2018,144.74,1017774
1/26/2018,145.82,751023
1/25/2018,146.08,1010414
1/24/2018,146.43,675757
1/23/2018,146.83,605821
1/22/2018,146.77,432972
1/19/2018,146.69,530114
1/18/2018,146.61,613314
1/17/2018,146.85,514175
1/16/2018,146.8,632567
1/15/2018,146.37,328101
1/12/2018,146.41,781171
1/11/2018,146.34,1055863
1/10/2018,147.1,870619
1/9/2018,147.33,724367
1/8/2018,147.83,454686
1/5/2018,147.62,467090
1/4/2018,147.62,640608
1/3/2018,147.61,605530
1/2/2018,147.31,485599
12/29/2017,147.71,250042
12/28/2017,147.82,267091
12/27/2017,148.32,248658
12/22/2017,147.8,202340
12/21/2017,147.74,395268
12/20/2017,147.77,680826
12/19/2017,148.41,617133
12/18/2017,149.43,385839
12/15/2017,149.5,449991
12/14/2017,149.26,628323
12/13/2017,149.3,591064
12/12/2017,149.3,473178
12/11/2017,149.67,442503
12/8/2017,149.51,525023
12/7/2017,149.68,604388
12/6/2017,149.55,1025206
12/5/2017,149.19,1409757
12/4/2017,149,1133644
12/1/2017,149.58,517210
11/30/2017,148.44,935095
11/29/2017,148.2,950505
11/28/2017,148.89,656547
11/27/2017,148.83,639560
11/24/2017,148.58,522320
11/23/2017,148.78,254615
11/22/2017,148.7,721523
11/21/2017,148.8,663045
11/20/2017,148.68,447223
11/17/2017,148.58,435196
11/16/2017,148.42,551299
11/15/2017,148.36,783768
11/14/2017,148.11,627841
11/13/2017,147.8,502931
11/10/2017,147.91,689669
11/9/2017,148.3,940680
11/8/2017,149.12,690800
11/7/2017,149,725914
11/6/2017,148.86,560851
11/3/2017,148.46,570318
11/2/2017,148.41,776426
11/1/2017,148.35,590441
10/31/2017,148.47,626142
10/30/2017,148.43,585568
10/27/2017,148.1,898797
10/26/2017,147.33,954973
10/25/2017,146.76,801864
10/24/2017,146.83,701234
10/23/2017,147.4,585680
10/20/2017,147.16,859420
10/19/2017,148,719268
10/18/2017,147.9,720826
10/17/2017,148.34,668789
10/16/2017,148.18,604027
10/13/2017,147.74,721425
10/12/2017,147.17,587521
10/11/2017,146.98,568499
10/10/2017,147.2,756460
10/9/2017,147.16,362385
10/6/2017,146.88,842245
10/5/2017,146.94,759204
10/4/2017,147.04,958419
10/3/2017,146.84,535001
10/2/2017,146.94,712863
9/29/2017,146.73,739820
9/28/2017,146.52,767971
9/27/2017,146.74,1051494
9/26/2017,147.43,566003
9/25/2017,147.65,806358
9/22/2017,146.84,511178
9/21/2017,146.86,729118
9/20/2017,147.04,530232
9/19/2017,146.81,633450
9/18/2017,146.66,553595
9/15/2017,146.91,676738
9/14/2017,147.28,733985
9/13/2017,147.44,619964
9/12/2017,147.59,757283
9/11/2017,148.49,459138
9/8/2017,148.68,625183
9/7/2017,148.9,880299
9/6/2017,148.29,999423
9/5/2017,148.36,1074361
9/4/2017,147.88,750805
9/1/2017,147.71,397281
8/31/2017,147.93,706070
8/30/2017,147.99,676228
8/29/2017,148.28,788843
8/28/2017,147.81,298546
8/25/2017,147.62,454029
8/24/2017,147.6,420389
8/23/2017,147.7,615176
8/22/2017,147.29,468241
8/21/2017,147.29,376485
8/18/2017,147.21,500843
8/17/2017,146.8,482661
8/16/2017,146.6,532766
8/15/2017,146.7,522924
8/14/2017,147.05,392761
8/11/2017,147.39,551027
8/10/2017,146.96,467221
8/9/2017,146.75,609012
8/8/2017,145.98,343112
8/7/2017,146.15,324000
8/4/2017,145.98,490006
8/3/2017,146.15,567058
8/2/2017,145.71,493841
8/1/2017,145.65,684204
7/31/2017,144.8,509597
7/28/2017,144.83,728936
7/27/2017,145.08,572932
7/26/2017,144.63,486324
7/25/2017,144.45,667184
7/24/2017,145.39,370146
7/21/2017,145.33,560203
7/20/2017,144.78,908180
7/19/2017,144.77,521928
7/18/2017,144.46,577327
7/17/2017,144.13,369064
7/14/2017,143.99,513700
7/13/2017,144,785938
7/12/2017,144.27,689814
7/11/2017,143.54,584656
7/10/2017,143.79,600631
7/7/2017,143.34,782908
7/6/2017,143.35,1225775
7/5/2017,144.78,659034
7/4/2017,144.7,418055
7/3/2017,144.5,598644
6/30/2017,144.72,959622
6/29/2017,145.02,1052629
6/28/2017,146.3,1223067
6/27/2017,146.6,1120289
6/26/2017,147.99,582560
6/23/2017,147.92,446216
6/22/2017,147.94,637887
6/21/2017,147.82,671527
6/20/2017,147.77,493108
6/19/2017,147.5,475052
6/16/2017,147.58,537343
6/15/2017,147.44,768892
6/14/2017,148.31,682882
6/13/2017,147.78,496430
6/12/2017,147.95,474841
6/9/2017,147.72,499063
6/8/2017,147.82,802137
6/7/2017,147.85,872008
6/6/2017,147.78,1206822
6/5/2017,147.34,724273
6/2/2017,147.51,624577
6/1/2017,147.09,270896
5/31/2017,147.15,953498
5/30/2017,147.16,781453
5/29/2017,147.11,257675
5/26/2017,146.62,638473
5/25/2017,146.14,537911
5/24/2017,145.63,666479
5/23/2017,145.7,666271
5/22/2017,145.82,551072
5/19/2017,146.13,485003
5/18/2017,146.36,1012438
5/17/2017,145.89,884706
5/16/2017,145.31,700766
5/15/2017,145.34,553414
5/12/2017,145.71,598554
5/11/2017,145.25,727359
5/10/2017,145.43,646867
5/9/2017,145.12,681243
5/8/2017,145.29,723295
5/5/2017,145.29,714720
5/4/2017,145.73,792814
5/3/2017,146.52,532370
5/2/2017,146.52,480154
4/28/2017,146.61,785332
4/27/2017,146.84,774193
4/26/2017,146.1,746217
4/25/2017,145.81,841149
4/24/2017,146.18,985541
4/21/2017,147.57,528563
4/20/2017,147.57,711948
4/19/2017,148.08,630807
4/18/2017,148.51,571565
4/13/2017,148.37,490704
4/12/2017,148.08,535916
4/11/2017,148.04,660594
4/10/2017,147.82,507219
4/7/2017,147.68,595785
4/6/2017,147.22,589191
4/5/2017,147.23,654752
4/4/2017,147.36,833246
4/3/2017,146.92,622567
3/31/2017,146.25,618281
3/30/2017,146.27,704625
3/29/2017,145.98,791616
3/28/2017,145.43,672586
3/27/2017,145.09,710739
3/24/2017,145.05,537388
3/23/2017,144.86,745141
3/22/2017,145.03,829609
3/21/2017,144.39,881146
3/20/2017,144.61,521599
3/17/2017,144.65,634353
3/16/2017,144.55,797754
3/15/2017,144.92,678357
3/14/2017,144.39,728154
3/13/2017,144.02,603305
3/10/2017,143.84,941355
3/9/2017,144.82,921291
3/8/2017,145.33,731439
3/7/2017,146.13,955361
3/6/2017,145.71,1096636
3/3/2017,145.54,927379
3/2/2017,146.23,662785
3/1/2017,146.53,413544
2/28/2017,147.64,964851
2/27/2017,147.67,640091
2/24/2017,147.8,841355
2/23/2017,147.23,781978
2/22/2017,146.58,1140900
2/21/2017,146,692504
2/20/2017,146.17,597814
2/17/2017,146.02,751339
2/16/2017,145.43,754372
2/15/2017,144.89,665674
2/14/2017,145.01,740039
2/13/2017,145.35,512868
2/10/2017,145.5,639537
2/9/2017,145.82,771865
2/8/2017,145.81,993921
2/7/2017,144.97,965267
2/6/2017,144.78,938640
2/3/2017,144.08,657266
2/2/2017,143.96,856473
2/1/2017,143.2,737846
1/31/2017,143.72,1001325
1/30/2017,143.66,814240
1/27/2017,143.44,699866
1/26/2017,143.02,875402
1/25/2017,143.35,1048098
1/24/2017,144.35,723034
1/23/2017,144.72,794009
1/20/2017,143.88,726842
1/19/2017,144.62,870073
1/18/2017,145.01,789279
1/17/2017,145.49,877774
1/16/2017,145.17,455940
1/13/2017,145,746655
1/12/2017,145.48,821923
1/11/2017,145.07,906802
1/10/2017,144.71,617957
1/9/2017,144.54,599720
1/6/2017,144.43,636677
1/5/2017,145.13,1019510
1/4/2017,144.78,655358
1/3/2017,144.8,833312
1/2/2017,146.06,122958
12/30/2016,145.74,295686
12/29/2016,146.19,262952
12/28/2016,145.64,230213
12/27/2016,145.74,148150
12/23/2016,145.25,167237
12/22/2016,144.76,316787
12/21/2016,144.87,337082
12/20/2016,144.63,420584
12/19/2016,144.74,506858
12/16/2016,143.78,539684
12/15/2016,143.17,765405
12/14/2016,144.05,644346
12/13/2016,143.3,638102
12/12/2016,142.64,675173
12/9/2016,143.45,835858
12/8/2016,142.71,1273922
12/7/2016,143.33,945756
12/6/2016,142.89,980767
12/5/2016,143.42,853025
12/2/2016,144.17,376045
12/1/2016,143.32,322983
11/30/2016,144.27,1166158
11/29/2016,144.71,888395
11/28/2016,145.23,698974
11/25/2016,144.57,612704
11/24/2016,144.22,430567
11/23/2016,143.97,1265754
11/22/2016,144.61,742146
11/21/2016,144,522080
11/18/2016,143.94,889644
11/17/2016,143.98,796998
11/16/2016,143.53,781330
11/15/2016,143.62,882925
11/14/2016,143.11,1161299
11/11/2016,143.48,756875
11/10/2016,143.85,1385054
11/9/2016,145.22,1204379
11/8/2016,145.13,564410
11/7/2016,145.5,455189
11/4/2016,145.71,596884
11/3/2016,145.31,792855
11/2/2016,145.78,837664
11/1/2016,145.05,751505
10/31/2016,145.38,666426
10/28/2016,145.29,908480
10/27/2016,145.18,1165604
10/26/2016,146.25,995619
10/25/2016,147.23,658472
10/24/2016,147.17,607305
10/21/2016,147.43,555696
10/20/2016,147.5,840423
10/19/2016,147.03,599568
10/18/2016,146.95,597518
10/17/2016,146.68,685572
10/14/2016,146.67,619879
10/13/2016,146.97,667698
10/12/2016,146.51,587640
10/11/2016,146.93,777310
10/10/2016,146.63,584949
10/7/2016,147.12,860601
10/6/2016,147.39,1066393
10/5/2016,147.44,1018759
10/4/2016,148.51,832829
10/3/2016,148.61,352828
9/30/2016,148.91,899096
9/29/2016,148.95,587019
9/28/2016,149.36,702974
9/27/2016,149.19,764442
9/26/2016,148.71,536174
9/23/2016,148.24,484484
9/22/2016,148.43,775785
9/21/2016,147.05,583275
9/20/2016,147.39,547872
9/19/2016,146.96,469634
9/16/2016,147.17,609324
9/15/2016,146.69,699458
9/14/2016,146.74,716156
9/13/2016,146.5,757025
9/12/2016,146.56,833455
9/9/2016,146.86,898026
9/8/2016,147.96,911686
9/7/2016,148.77,817648
9/6/2016,148.53,1048117
9/5/2016,147.77,763933
9/2/2016,147.48,431084
9/1/2016,147.89,268275
8/31/2016,147.88,579312
8/30/2016,148.23,530082
8/29/2016,148.07,351011
8/26/2016,148.2,478784
8/25/2016,147.97,455930
8/24/2016,148.06,401916
8/23/2016,148.17,476583
8/22/2016,148,432532
8/19/2016,147.47,414307
8/18/2016,147.96,400111
8/17/2016,147.45,458737
8/16/2016,147.2,556497
8/15/2016,147.74,337200
8/12/2016,148.28,374590
8/11/2016,148.16,381893
8/10/2016,148.34,492783
8/9/2016,147.94,438210
8/8/2016,147.6,393233
8/5/2016,147.65,426661
8/4/2016,148.09,660720
8/3/2016,147.14,438835
8/2/2016,147.09,688028
8/1/2016,147.95,365278
7/29/2016,148.31,603893
7/28/2016,147.91,455640
7/27/2016,147.86,525250
7/26/2016,146.99,495606
7/25/2016,147.22,403368
7/22/2016,146.87,480864
7/21/2016,146.67,682343
7/20/2016,146.82,540753
7/19/2016,146.99,536134
7/18/2016,146.86,463116
7/15/2016,146.56,482625
7/14/2016,147.17,643851
7/13/2016,147.79,612640
7/12/2016,147.15,715765
7/11/2016,148.08,412674
7/8/2016,148.29,485655
7/7/2016,148.07,556051
7/6/2016,148.22,612857
7/5/2016,148.27,500976
7/4/2016,147.58,235831
7/1/2016,147.47,646627
6/30/2016,147.62,852129
6/29/2016,147.42,522740
6/28/2016,147.36,531012
6/27/2016,147.19,621558
6/24/2016,146.49,882008
6/23/2016,144.45,737535
6/22/2016,144.73,500129
6/21/2016,144.94,532514
6/20/2016,144.75,606941
6/17/2016,145.37,604686
6/16/2016,145.95,610967
6/15/2016,145.74,604740
6/14/2016,145.71,787779
6/13/2016,145.2,555897
6/10/2016,145.35,543873
6/9/2016,145.05,561869
6/8/2016,144.86,582027
6/7/2016,144.94,1030057
6/6/2016,144.45,892829
6/3/2016,144.6,753498
6/2/2016,143.99,548309
6/1/2016,143.62,302669
5/31/2016,143.44,771355
5/30/2016,143.12,219424
5/27/2016,143.47,494314
5/26/2016,143.5,555952
5/25/2016,143.37,730563
5/24/2016,142.98,582223
5/23/2016,142.89,631379
5/20/2016,143.03,463959
5/19/2016,143.08,743616
5/18/2016,143.1,714864
5/17/2016,143.62,595706
5/16/2016,143.39,311410
5/13/2016,143.66,520184
5/12/2016,143.29,737585
5/11/2016,143.65,562603
5/10/2016,143.73,674337
5/9/2016,143.52,610386
5/6/2016,143.29,597664
5/5/2016,142.97,546274
5/4/2016,142.45,736786
5/3/2016,142.5,830401
5/2/2016,141.33,299158
4/29/2016,141.35,868168
4/28/2016,141.83,829153
4/27/2016,141.32,614207
4/26/2016,141.1,733116
4/25/2016,141.65,722562
4/22/2016,141.96,550979
4/21/2016,141.96,984561
4/20/2016,143.15,551670
4/19/2016,142.71,658310
4/18/2016,142.95,589300
4/15/2016,143.35,471150
4/14/2016,142.96,659501
4/13/2016,143.21,649921
4/12/2016,142.91,811361
4/11/2016,143.51,635439
4/8/2016,143.67,409244
4/7/2016,143.84,662487
4/6/2016,143.37,617477
4/5/2016,143.66,689531
4/4/2016,143.2,450582
4/1/2016,142.98,554370
3/31/2016,142.79,590955
3/30/2016,142.73,540365
3/29/2016,143,459482
3/24/2016,142.48,434316
3/23/2016,142.2,499144
3/22/2016,142.01,594136
3/21/2016,141.89,546618
3/18/2016,141.91,463333
3/17/2016,141.79,673289
3/16/2016,140.97,673649
3/15/2016,140.64,581601
3/14/2016,141.11,537492
3/11/2016,141.12,667861
3/10/2016,140.63,1172059
3/9/2016,141.68,639287
3/8/2016,142.64,728582
3/7/2016,142.03,859174
3/4/2016,141.69,689319
3/3/2016,142.43,627647
3/2/2016,142.03,485323
3/1/2016,142.84,216958
2/29/2016,143.42,717745
2/26/2016,142.79,527776
2/25/2016,142.97,606733
2/24/2016,142.81,805444
2/23/2016,142.28,745748
2/22/2016,142.35,442898
2/19/2016,142.02,673649
2/18/2016,141.86,675494
2/17/2016,141.03,656446
2/16/2016,141.19,694807
2/15/2016,141.52,439562
2/12/2016,141.23,716124
2/11/2016,142.43,1081579
2/10/2016,141.32,727974
2/9/2016,141.47,1029579
2/8/2016,141.68,874896
2/5/2016,140.46,712455
2/4/2016,140.36,817710
2/3/2016,140.87,867950
2/2/2016,140.3,716273
2/1/2016,139.81,706484
1/29/2016,140.19,949098
1/28/2016,139.21,810748
1/27/2016,138.71,631774
1/26/2016,138.67,658222
1/25/2016,138.26,438486
1/22/2016,138.15,631431
1/21/2016,138.36,787568
1/20/2016,137.97,947860
1/19/2016,137.01,575906
1/18/2016,137.22,339646
1/15/2016,137.23,756435
1/14/2016,136.55,764449
1/13/2016,136.61,729656
1/12/2016,136.23,722234
1/11/2016,136.19,525525
1/8/2016,136.5,549424
1/7/2016,136.02,779672
1/6/2016,136.53,505197
1/5/2016,135.89,501288
1/4/2016,135.63,453301
12/31/2015,134.76,
12/30/2015,134.76,257325
12/29/2015,134.72,275441
12/28/2015,135.73,173532
12/24/2015,134.68,
12/23/2015,134.68,215481
12/22/2015,135.14,307792
12/21/2015,135.86,277409
12/18/2015,135.85,436447
12/17/2015,135.17,551669
12/16/2015,134.16,466724
12/15/2015,134.33,723023
12/14/2015,135.57,550837
12/11/2015,136.02,462680
12/10/2015,135.61,439662
12/9/2015,135.1,508016
12/8/2015,135.53,532604
12/7/2015,135.35,847864
12/4/2015,134.05,936726
12/3/2015,134.53,839399
12/2/2015,137.06,618716
12/1/2015,137.12,318286
11/30/2015,136.95,600080
11/27/2015,137.23,500104
11/26/2015,136.94,284174
11/25/2015,136.91,674574
11/24/2015,136.43,700827
11/23/2015,135.98,696068
11/20/2015,136.66,485668
11/19/2015,136.66,584671
11/18/2015,136.33,608228
11/17/2015,135.97,512932
11/16/2015,135.95,572723
11/13/2015,135.56,605448
11/12/2015,134.97,564241
11/11/2015,134.97,551186
11/10/2015,134.71,715037
11/9/2015,134.06,813551
11/6/2015,133.82,883070
11/5/2015,134.92,720787
11/4/2015,134.98,650229
11/3/2015,135.24,495363
11/2/2015,135.32,605090
10/30/2015,135.85,637404
10/29/2015,135.74,740374
10/28/2015,136.98,592903
10/27/2015,136.99,556810
10/26/2015,136.23,345085
10/23/2015,136.1,585536
10/22/2015,136.11,676006
10/21/2015,135.23,567913
10/20/2015,134.55,702742
10/19/2015,135.28,446535
10/16/2015,135.55,403364
10/15/2015,135.39,477274
10/14/2015,135.52,561343
10/13/2015,134.82,536082
10/12/2015,135.06,272324
10/9/2015,134.56,475355
10/8/2015,134.96,524385
10/7/2015,134.81,616396
10/6/2015,134.82,615787
10/5/2015,135.15,504150
10/2/2015,135.88,753730
10/1/2015,135.41,730435
9/30/2015,134.83,590228
9/29/2015,134.81,637872
9/28/2015,134.68,534340
9/25/2015,134.07,620388
9/24/2015,134.83,697699
9/23/2015,134.56,495245
9/22/2015,134.7,717876
9/21/2015,133.49,420000
9/18/2015,133.74,738438
9/17/2015,132.34,454701
9/16/2015,132.4,716900
9/15/2015,132.75,656901
9/14/2015,133.92,342085
9/11/2015,133.89,417129
9/10/2015,133.37,480269
9/9/2015,133.13,549079
9/8/2015,133.4,490947
9/7/2015,133.47,483966
9/4/2015,133.53,862711
9/3/2015,132.64,663489
9/2/2015,131.86,575392
9/1/2015,131.68,333972
8/31/2015,131.84,401970
8/28/2015,132.59,531912
8/27/2015,132.49,525607
8/26/2015,132.96,819329
8/25/2015,132.33,1027563
8/24/2015,134.43,777408
8/21/2015,134.36,449231
8/20/2015,134.33,545628
8/19/2015,133.67,446107
8/18/2015,133.57,421952
8/17/2015,133.73,347947
8/14/2015,133.41,342037
8/13/2015,133.67,463769
8/12/2015,134.04,630542
8/11/2015,133.69,497060
8/10/2015,132.69,274055
8/7/2015,133.18,409466
8/6/2015,132.46,496107
8/5/2015,132.09,656741
8/4/2015,133.31,479366
8/3/2015,133.32,344919
7/31/2015,133.15,669063
7/30/2015,133.12,528425
7/29/2015,132.36,346308
7/28/2015,132.59,435610
7/27/2015,132.65,394083
7/24/2015,132.6,432352
7/23/2015,131.88,384258
7/22/2015,131.96,397214
7/21/2015,131.5,465064
7/20/2015,131.65,410866
7/17/2015,131.4,424533
7/16/2015,130.82,575409
7/15/2015,130.95,609401
7/14/2015,130.13,481850
7/13/2015,129.87,721333
7/10/2015,129.45,845927
7/9/2015,131.4,533859
7/8/2015,131.97,709615
7/7/2015,132.65,815487
7/6/2015,130.92,604569
7/3/2015,130.55,405954
7/2/2015,129.79,691630
7/1/2015,130.31,721098
6/30/2015,130.75,816265
6/29/2015,130.52,858819
6/26/2015,128.94,589392
6/25/2015,129.62,650505
6/24/2015,129.83,598761
6/23/2015,129.44,669490
6/22/2015,129.11,815626
6/19/2015,130.79,542101
6/18/2015,130.22,765099
6/17/2015,130.18,584347
6/16/2015,130.18,787121
6/15/2015,130.02,672962
6/12/2015,129.79,781339
6/11/2015,129.14,869586
6/10/2015,127.73,1034988
6/9/2015,128.16,760950
6/8/2015,129.18,549853
6/5/2015,129.83,961512
6/4/2015,129.65,1134243
6/3/2015,129.27,1021536
6/2/2015,131.4,749854
6/1/2015,133.65,324916
5/29/2015,133.84,638808
5/28/2015,133.31,567318
5/27/2015,133.12,714432
5/26/2015,133.18,636492
5/25/2015,132.41,
5/22/2015,132.41,576922
5/21/2015,132.01,859150
5/20/2015,132.08,682008
5/19/2015,132.3,989314
5/18/2015,131.92,566665
5/15/2015,131.97,669241
5/14/2015,131.11,709421
5/13/2015,131.13,1032992
5/12/2015,131.45,1250870
5/11/2015,132.54,720366
5/8/2015,133.17,989295
5/7/2015,132.41,1726129
5/6/2015,132.34,1301671
5/5/2015,133.26,1220065
5/4/2015,134.08,632893
4/30/2015,135.11,1231806
4/29/2015,136.14,1151925
4/28/2015,137.68,495182
4/27/2015,137.6,392866
4/24/2015,137.7,547211
4/23/2015,137.58,613264
4/22/2015,137.6,716865
4/21/2015,138.41,507041
4/20/2015,138.77,353240
4/17/2015,138.7,487091
4/16/2015,138.59,610413
4/15/2015,138.37,491767
4/14/2015,137.95,455018
4/13/2015,137.61,385523
4/10/2015,137.6,385103
4/9/2015,137.53,454395
4/8/2015,137.49,386082
4/7/2015,137.18,284943
4/2/2015,137.16,399226
4/1/2015,137.35,572912
3/31/2015,137.17,496362
3/30/2015,136.89,395262
3/27/2015,136.95,530930
3/26/2015,136.82,434261
3/25/2015,136.74,454483
3/24/2015,136.54,492773
3/23/2015,136.78,430618
3/20/2015,137.17,369246
3/19/2015,137.1,529843
3/18/2015,137.06,735186
3/17/2015,136,477877
3/16/2015,136.11,511890
3/13/2015,136.4,593089
3/12/2015,136.37,753515
3/11/2015,137.05,770400
3/10/2015,136.74,800501
3/9/2015,135.69,692522
3/6/2015,134.57,772899
3/5/2015,135.2,1358233
3/4/2015,134.93,920113
3/3/2015,135.17,806685
3/2/2015,135.34,280739
2/27/2015,135.67,844120
2/26/2015,136.01,693464
2/25/2015,135.66,720527
2/24/2015,135.07,558585
2/23/2015,135.07,467780
2/20/2015,135.03,759076
2/19/2015,134.84,690539
2/18/2015,134.74,712189
2/17/2015,134.82,577444
2/16/2015,135.14,268262
2/13/2015,135.2,520223
2/12/2015,135.31,748383
2/11/2015,134.82,424002
2/10/2015,134.67,755376
2/9/2015,135.05,520432
2/6/2015,134.63,612584
2/5/2015,134.79,661934
2/4/2015,134.83,675532
2/3/2015,135.12,639666
2/2/2015,135.56,484014
1/30/2015,135.6,635136
1/29/2015,134.93,578757
1/28/2015,134.95,674540
1/27/2015,134.63,595591
1/26/2015,134.36,548489
1/23/2015,134.94,820311
1/22/2015,133.95,1217942
1/21/2015,133.02,1053407
1/20/2015,133.9,618254
1/19/2015,133.98,366578
1/16/2015,133.65,761388
1/15/2015,133.65,902556
1/14/2015,133.47,745538
1/13/2015,132.89,606751
1/12/2015,132.92,484531
1/9/2015,132.95,664812
1/8/2015,132.54,677006
1/7/2015,132.94,760235
1/6/2015,133.13,735007
1/5/2015,132.43,593828
1/2/2015,132.69,337386
12/31/2014,132.08,
12/30/2014,132.08,225759
12/29/2014,132.03,238113
12/24/2014,131.38,
12/23/2014,131.38,204142
12/22/2014,131.26,228920
12/19/2014,131.32,353952
12/18/2014,131.04,566335
12/17/2014,131.33,552023
12/16/2014,131.24,846542
12/15/2014,130.86,472299
12/12/2014,130.94,555938
12/11/2014,130.27,606412
12/10/2014,130.18,516264
12/9/2014,130.12,764858
12/8/2014,129.7,626089
12/5/2014,128.89,766244
